"Tendencias","Volumen de búsquedas","Inicio","Finalizada","Desglose de tendencias","Enlace a Explorar"
"rosario x corinthians","1 M+","13 de agosto de 2026 a las 17:30:00 UTC-3",,"rosario x corinthians,corinthians x rosario central,corinthians x,rosario central x corinthians,allan,rosario central,onde assistir rosario central x corinthians,jogo do corinthians,central vs corinthians,corinthians x rosario,jogo corinthians hoje onde assistir,di maria,rosario - corinthians,corinthians ontem,onde assistir corinthians hoje,corinthians onde assistir,corinthians e rosário central,jogo do corinthians ontem,onde assistir corinthians,jogo corinthians,onde vai passar o jogo do corinthians,onde assistir o jogo do corinthians hoje,corinthians x rosario central onde assistir,corinthians hoje,corinthians ao vivo,jogo corinthians onde assistir,espn ao vivo,rosario,corinthians hoje onde assistir,jogo do corinthians hoje onde assistir,rosario central x corinthians onde assistir,resultado jogo do corinthians,rosario central - corinthians,onde assistir o jogo do corinthians,onde assistir corinthians e rosário central,escalações de rosario central x corinthians,jogo do corinthians onde assistir,onde vai passar o jogo do corinthians hoje,estatísticas de rosario central x corinthians,rosário central,que hora é o jogo do corinthians,onde está passando o jogo do corinthians,corinthians onde assistir hoje,corinthians libertadores,jogo do corinthians hoje ao vivo,onde assistir jogo do corinthians hoje,rosario central x corinthians minuto a minuto,jogos de hoje da libertadores,breno bidon,rosário central e corinthians,onde assistir rosário central-corinthians,onde assistir corinthians x rosario central,jogo do corinthians de hoje,transmissão jogo do corinthians hoje,corinthians fc,onde assistir o corinthians hoje,que horas é o jogo do corinthians hoje,corinthians transmissão,corinthians jogos,aonde vai passar o jogo do corinthians,kaio césar,o jogo do corinthians,assistir corinthians hoje,assistir corinthians,corinthians joga hoje,onde assistir jogo do corinthians,onde vai passar corinthians hoje,corinthians x onde assistir,corinthians x rosario onde assistir,onde tá passando o jogo do corinthians hoje,disneyplus,horário do jogo do corinthians hoje,allan corinthians,corinthians x rosario central ao vivo,aonde assistir o jogo do corinthians,final da libertadores 2026,final libertadores 2026,dimaria","./explore?q=rosario%20x%20corinthians&geo=BR"
"santos x macará","1 M+","13 de agosto de 2026 a las 17:40:00 UTC-3",,"santos x macará,santos,santos x,santos fc,jogo do santos,santos x macara,macara,santos vs macará,santos - macará,santos hoje,jogo do santos hoje,neymar,jogos de conmebol sudamericana,jogo santos,club deportivo macará,onde assistir santos futebol clube x macará,santos futebol clube,santos onde assistir,santos x macará onde assistir,onde assistir santos hoje,macará,jogo santos hoje,gabriel barbosa,onde assistir santos,onde assistir santos x macara,macara fc,santos ao vivo,santos x maraca,escalações de santos futebol clube x macará,onde assistir o jogo do santos,santos x macara onde assistir,onde assistir o jogo do santos hoje,santos e macara,jogo do santos hoje onde assistir,gabigol,santos futebol clube x macará minuto a minuto,assistir jogo ao vivo,sula,santos hoje onde assistir,santos futebol clube x macará,onde assistir santos e macará,jogo do santos onde assistir,jogo do santos hoje ao vivo,resultado do santos,jogos de santos futebol clube","./explore?q=santos%20x%20macar%C3%A1&geo=BR"
"cienciano x botafogo","1 M+","13 de agosto de 2026 a las 18:30:00 UTC-3",,"cienciano x botafogo,botafogo,cienciano,botafogo x,botafogo x cienciano,jogo botafogo,bota fogo,jogo do botafogo,conmebol sudamericana,copa sul americana,sul americana,goleada,botafogo hoje,resultado do jogo do botafogo,copa sul-americana,botafogo de futebol e regatas,cienciano - botafogo,botafogo fc,warleson,quanto foi o jogo do botafogo,jogo do botafogo hoje,botafogo onde assistir,resultado do botafogo,cienciano x botafogo onde assistir,chaveamento libertadores 2026,jogos da sul-americana,onde assistir botafogo hoje,jogo botafogo hoje,fogaonet,cienciano tem altitude,cienciano altitude,cusco altitude,nahuel ferraresi,botafogo e cienciano,placar do jogo do botafogo,franclim carvalho,onde assistir o jogo do botafogo,onde assistir o jogo do botafogo hoje,onde vai passar o jogo do botafogo,botafogo x cienciano onde assistir,matheus martins,botafogo.,cienciano e botafogo","./explore?q=cienciano%20x%20botafogo&geo=BR"
"palmeiras x cerro porteño","1 M+","12 de agosto de 2026 a las 15:40:00 UTC-3","14 de agosto de 2026 a las 9:50:00 UTC-3","palmeiras x cerro porteño,palmeiras,cerro porteño,palmeiras e cerro porteño,palmeiras x,palmeiras x cerro porteño onde assistir,palmeiras hoje,jogo do palmeiras,andreas pereira,palmeiras onde assistir,palmeiras vs ccp,onde assistir palmeiras e cerro porteño,onde assistir palmeiras hoje,jogo do palmeiras hoje,jogo palmeiras,jogo palmeiras hoje,palmeiras x cerro,pablo vegetti,onde assistir palmeiras x cerro porteno,palmeiras - cerro porteño,palmeiras x cerro porteño: onde assistir,onde assistir palmeiras,onde assistir o jogo do palmeiras,cerro,palmeiras hoje onde assistir,club cerro porteño,cerro porteno,onde assistir o jogo do palmeiras hoje,palmeiras e cerro porteno,onde vai passar o jogo do palmeiras,jogos de hoje da libertadores,palmeiras ao vivo,palmeiras - cerro,carlos miguel,onde assistir palmeiras e cerro,jogo do palmeiras hoje onde assistir,palmeiras fc,palmeiras e cerro porteño onde assistir,palmeiras hoje ao vivo,palmeiras hj,pal,onde assistir sociedade esportiva palmeiras x cerro porteño,onde vai passar o jogo do palmeiras hoje,onde assistir jogo do palmeiras hoje,jogo do palmeiras onde assistir,palmeiras onde assistir hoje,jogo do palmeiras ao vivo,palmeiras x cerro onde assistir,qual canal vai passar o jogo do palmeiras,jogo palmeiras onde assistir,estatísticas de sociedade esportiva palmeiras x cerro porteño,onde assistir palmeiras-cerro porteño,horário do jogo do palmeiras,palmeiras e cerro,que hora é o jogo do palmeiras,onde tá passando o jogo do palmeiras,resultado de palmeiras e cerro porteño,flaco lópez,cerro porteño x palmeiras,resultado do jogo palmeiras e cerro porteño,onde assistir palmeiras x cerro porteño,palmeiras-cerro porteño,onde assistir o palmeiras hoje,palmeiras x cerro porteno,jogos libertadores hoje,resultado do palmeiras,jogo do palmeiras e cerro porteño,futebol ao vivo,escalações de sociedade esportiva palmeiras x cerro porteño,palmeiras e cerro portenho,jogo palmeiras hoje onde assistir,palmeiras transmissão,onde assistir palmeiras e cerro porteño hoje,aonde assistir palmeiras e cerro porteño,onde assistir palmeiras e cerro portenho,aonde vai passar o jogo do palmeiras,resultado jogo do palmeiras,palmeiras jogo,qual canal vai passar o jogo do palmeiras hoje,onde vai passar palmeiras e cerro porteño,onde assistir jogo do palmeiras,quanto tá o jogo do palmeiras e cerro porteño,onde vai passar palmeiras e cerro,aonde assistir o jogo do palmeiras,o jogo do palmeiras,palmeiras vs,palmeiras joga hoje,onde assistir o jogo do palmeiras e cerro porteño,palmeiras jogos,sociedade esportiva palmeiras x cerro porteño,onde assistir palmeiras x cerro,palmeiras x cerro porteño ao vivo,que horas é o jogo do palmeiras,que canal vai passar o jogo do palmeiras,onde vai passar o jogo do palmeiras e cerro porteño,horário do jogo do palmeiras hoje,campeonato paraguaio,palmeiras cerro porteño 12/08/2026","./explore?q=palmeiras%20x%20cerro%20porte%C3%B1o&geo=BR"
"vasco da gama x olimpia","500 mil+","13 de agosto de 2026 a las 18:00:00 UTC-3",,"vasco da gama x olimpia,vasco x olimpia,vasco,jogo do vasco,vasco hoje,espn,jogo do vasco hoje,vasco x olimpia onde assistir,vasco x,vasco da gama - olimpia,vasco vs olimpia,onde assistir vasco x olimpia,vasco onde assistir,vasco e olímpia,vasco x club olimpia,jogo do vasco hoje onde assistir,vasco e olimpia,jogo vasco hoje,onde assistir o jogo do vasco,onde vai passar o jogo do vasco,vasco ao vivo,onde assistir o jogo do vasco hoje,onde assistir vasco hoje,vasco da gama x olimpia: onde assistir,vasco hoje onde assistir,onde assistir vasco,jogo vasco,vasco fc,vasco e olimpia onde assistir,onde vai passar o jogo do vasco hoje,quanto foi o jogo do vasco,jogo do vasco onde assistir,vasco x olimpia ao vivo,vasco da gama x olimpia onde assistir,qual canal vai passar o jogo do vasco,vasco olimpia,horário do jogo do vasco,onde está passando o jogo do vasco,vasco onde assistir hoje,jogo vasco hoje onde assistir","./explore?q=vasco%20da%20gama%20x%20olimpia&geo=BR"
"bragantino x atlético-mg","500 mil+","12 de agosto de 2026 a las 18:00:00 UTC-3","14 de agosto de 2026 a las 7:10:00 UTC-3","bragantino x atlético-mg,galo,jogo do galo,atletico,atletico mg,bragantino,bragantino atlético mineiro 12/08/2026,jogo do galo hoje,atletico mg x,atlético-mg,onde assistir bragantino x atlético-mg,galo hoje,jogo galo,bragantino - atlético-mg,galo x,atlético,red bull bragantino,bragantino x,jogo do atlético,galo x bragantino,bragantino x atletico mg,atletico x,lyanco,jogo atletico,tomás cuello,jogo do bragantino,atletico x bragantino,jogo do galo hoje onde assistir,jogo galo hoje,bragantino x atlético mg onde assistir,atletico mineiro,atlético mineiro,jogo do atlético mineiro,onde assistir o jogo do galo hoje","./explore?q=bragantino%20x%20atl%C3%A9tico-mg&geo=BR"
"flamengo","500 mil+","12 de agosto de 2026 a las 22:40:00 UTC-3","13 de agosto de 2026 a las 7:50:00 UTC-3","flamengo,cruzeiro,flamengo x,cruzeiro e flamengo,jogo do cruzeiro,cruzeiro vs flamengo,cruzeiro - flamengo,jogo flamengo,onde assistir cruzeiro esporte clube x flamengo,jogo cruzeiro,cruzeiro x flamengo onde assistir,cruzeiro x,jogo cruzeiro e flamengo,lucas paquetá,jogo flamengo e cruzeiro,jogo do flamengo-cruzeiro,jogo cruzeiro x flamengo libertadores,jogo do cruzeiro-flamengo,fla x,flamengo x cruzeiro onde assistir,cruzeiro esporte clube,cruzeiro esporte clube x flamengo,jogo do flamengo e cruzeiro,flamengo cruzeiro,kaio jorge,onde assistir cruzeiro-flamengo,onde assistir cruzeiro x flamengo,escalações de cruzeiro esporte clube x flamengo,cruzeiro flamengo,onde vai passar o jogo do flamengo,giorgian de arrascaeta,arrascaeta,matheus pereira,quanto ficou o jogo do cruzeiro,flamengo vs cruzeiro,gerson,onde assistir flamengo e cruzeiro,onde assistir flamengo hoje,onde assistir flamengo,cruzeiro x flamengo ao vivo,jogo do flamengo ao vivo,jogo cruzeiro flamengo libertadores,cruzeiro fc,resultado do cruzeiro-flamengo,onde assistir flamengo-cruzeiro,jogo do cruzeiro e flamengo,cru x fla,cruzeiro e flamengo onde assistir,jogos do flamengo,resultado do jogo flamengo e cruzeiro,jogo do flamengo hoje onde assistir,onde vai passar o jogo do cruzeiro,flamengo.,jogo do flamengo onde assistir,jogo cruzeiro-flamengo,onde vai passar o jogo do flamengo hoje,flamengo e cruzeiro onde assistir,jogo do cruzeiro hoje ao vivo,flamengo jogo,flamengo ingressos,ge tv ao vivo,fla x cruzeiro,o jogo do flamengo,onde assistir o jogo do flamengo,onde assistir cruzeiro e flamengo,cruzeiro-flamengo onde assistir,onde assistir flamengo x cruzeiro,jorge carrascal,onde vai passar o jogo do flamengo-cruzeiro,flamengo onde assistir hoje,cruzeiro x flamengo copa do brasil,aonde vai passar o jogo do flamengo,cruzeiro-flamengo ontem,qual canal vai passar cruzeiro-flamengo,onde vai passar cruzeiro-flamengo,onde assistir cruzeiro-flamengo hoje,flamengo ganhou,onde vai passar o jogo do cruzeiro-flamengo,onde vai passar flamengo-cruzeiro,ingressos flamengo,escalação do flamengo hoje","./explore?q=flamengo&geo=BR"
"mirassol x ldu quito","200 mil+","13 de agosto de 2026 a las 18:00:00 UTC-3",,"mirassol x ldu quito,mirassol,mirassol x ldu,jogo do mirassol,mirassol x,mirassol futebol clube,ldu quito,ldu,mirassol - ldu quito,mirassol e ldu,jogo mirassol,onde assistir mirassol e ldu,mirassol x ldu quito onde assistir,onde assistir mirassol futebol clube x ldu quito,deyverson,mirassol x ldu onde assistir,quanto tá o jogo do mirassol,mirassol fc,onde assistir mirassol hoje,onde assistir o jogo do mirassol,mirassol onde assistir,onde assistir mirassol","./explore?q=mirassol%20x%20ldu%20quito&geo=BR"
"la coruña x real madrid","200 mil+","12 de agosto de 2026 a las 15:00:00 UTC-3","13 de agosto de 2026 a las 19:40:00 UTC-3","la coruña x real madrid,la coruña - real madrid,real madrid x,la coruña x real madrid onde assistir","./explore?q=la%20coru%C3%B1a%20x%20real%20madrid&geo=BR"
"amazon","200 mil+","12 de agosto de 2026 a las 23:20:00 UTC-3","14 de agosto de 2026 a las 0:40:00 UTC-3","amazon","./explore?q=amazon&geo=BR"
"psg","200 mil+","12 de agosto de 2026 a las 12:30:00 UTC-3","13 de agosto de 2026 a las 8:10:00 UTC-3","psg","./explore?q=psg&geo=BR"
"corinthians","100 mil+","13 de agosto de 2026 a las 23:20:00 UTC-3","14 de agosto de 2026 a las 7:30:00 UTC-3","corinthians,fernando diniz,maisa,cor x,onde ver corinthians hoje","./explore?q=corinthians&geo=BR"
"mirassol x corinthians","100 mil+","12 de agosto de 2026 a las 18:40:00 UTC-3","13 de agosto de 2026 a las 22:50:00 UTC-3","mirassol x corinthians,mirassol - corinthians","./explore?q=mirassol%20x%20corinthians&geo=BR"
"lúcio mauro filho","50 mil+","13 de agosto de 2026 a las 14:40:00 UTC-3",,"lúcio mauro filho","./explore?q=l%C3%BAcio%20mauro%20filho&geo=BR"
"flavio bolsonaro","50 mil+","13 de agosto de 2026 a las 12:20:00 UTC-3",,"flavio bolsonaro,flavio aparece filiado ao missao,flavio,política,flavio nao consegue registrar candidatura,flávio bolsonaro filiado ao missão,tse,flávio bolsonaro missão,flávio bolsonaro candidatura,partido missao,partido missão,flavio bolsonaro missao,flávio bolsonaro,candidatura flavio bolsonaro,bolsonaro,flavio missao,flavio bolsonaro missão","./explore?q=flavio%20bolsonaro&geo=BR"
"joanna de assis","50 mil+","14 de agosto de 2026 a las 7:30:00 UTC-3",,"joanna de assis,sportv","./explore?q=joanna%20de%20assis&geo=BR"
"dinheiro","50 mil+","13 de agosto de 2026 a las 20:50:00 UTC-3",,"dinheiro,jogo do flamengo,nelson wilians & advogados associados,nelson wilians,pixbet,advogado nelson wilians,nelson willians,pf nelson wilians","./explore?q=dinheiro&geo=BR"
"pizza","50 mil+","13 de agosto de 2026 a las 3:40:00 UTC-3","14 de agosto de 2026 a las 8:00:00 UTC-3","pizza","./explore?q=pizza&geo=BR"
"encha seu kindle 2026","50 mil+","12 de agosto de 2026 a las 19:40:00 UTC-3","14 de agosto de 2026 a las 8:40:00 UTC-3","encha seu kindle 2026,kindle,amazon encha seu kindle,kindle amazon,kindle day,amazon encha seu kindle 2026","./explore?q=encha%20seu%20kindle%202026&geo=BR"
"flamengo e cruzeiro","50 mil+","12 de agosto de 2026 a las 18:00:00 UTC-3","13 de agosto de 2026 a las 21:00:00 UTC-3","flamengo e cruzeiro,flamengo-cruzeiro,resultado do jogo cruzeiro-flamengo,resultado do jogo do flamengo,resultado do jogo do flamengo-cruzeiro,resultado do jogo flamengo-cruzeiro,resultado do jogo do cruzeiro-flamengo,placar do jogo do flamengo,fla,placar do jogo do cruzeiro,resultado do jogo do cruzeiro,resultado de cruzeiro-flamengo,quanto ficou o jogo do cruzeiro-flamengo,resultado de flamengo-cruzeiro,quanto foi o jogo do flamengo-cruzeiro,estatísticas de cruzeiro esporte clube x flamengo,resultado jogo do flamengo,resultado do jogo do flamengo e cruzeiro,resultado do flamengo,resultado do flamengo-cruzeiro,quanto tá o jogo do cruzeiro-flamengo,paqueta,resultado flamengo-cruzeiro,cruzeiro esporte clube x flamengo minuto a minuto,quanto tá o jogo do flamengo-cruzeiro,resultado cruzeiro-flamengo,quem ganhou flamengo ou cruzeiro,resultado do jogo do cruzeiro-flamengo ontem,fla x cru,quanto ficou o jogo do cruzeiro-flamengo ontem,quanto ficou o jogo do flamengo-cruzeiro,quanto foi o jogo do cruzeiro-flamengo,quanto ficou o jogo cruzeiro-flamengo,resultado do jogo do flamengo-cruzeiro ontem,resultado do jogo cruzeiro-flamengo ontem,quanto tá o jogo cruzeiro-flamengo,quem ganhou ontem flamengo ou cruzeiro,paquetá,pedro flamengo,quanto foi o jogo cruzeiro-flamengo","./explore?q=flamengo%20e%20cruzeiro&geo=BR"
"manchester united x leeds","50 mil+","12 de agosto de 2026 a las 14:40:00 UTC-3","13 de agosto de 2026 a las 10:10:00 UTC-3","manchester united x leeds,manchester united","./explore?q=manchester%20united%20x%20leeds&geo=BR"
"arsenal x como","50 mil+","12 de agosto de 2026 a las 14:40:00 UTC-3","13 de agosto de 2026 a las 8:00:00 UTC-3","arsenal x como,arsenal,arsenal x,jogo do arsenal","./explore?q=arsenal%20x%20como&geo=BR"
"inter miami x león","50 mil+","12 de agosto de 2026 a las 19:40:00 UTC-3","13 de agosto de 2026 a las 8:20:00 UTC-3","inter miami x león,classificações de inter miami x club león,leagues cup,jorge horacio messi,inter miami,inter miami x,inter de miami","./explore?q=inter%20miami%20x%20le%C3%B3n&geo=BR"
"cruzeiro-flamengo","50 mil+","12 de agosto de 2026 a las 18:20:00 UTC-3","13 de agosto de 2026 a las 14:00:00 UTC-3","cruzeiro-flamengo,flamengo hoje,jogo hoje,jogo cruzeiro hoje,jogo do cruzeiro hoje,jogo do flamengo ontem,bruno henrique,flamengo ontem,jogo flamengo hoje,matheus henrique de souza,cruzeiro hoje,jogo do flamengo hoje,flamengo fc,jogo do cruzeiro ontem,jogos de flamengo,jogos de hoje flamengo,gol do cruzeiro,árbitro,matheus henrique,escalação flamengo,bruno henrique flamengo,escalação do flamengo,placar flamengo","./explore?q=cruzeiro-flamengo&geo=BR"
"psg x","50 mil+","12 de agosto de 2026 a las 13:30:00 UTC-3","13 de agosto de 2026 a las 2:00:00 UTC-3","psg x,aston villa,jogo do psg,super copa da uefa,psg e aston villa,jogo psg,psg - aston villa,onde assistir psg e aston villa,aston villa x psg,psg x aston villa onde assistir,supercopa,psg x aston villa supercopa,escalação psg x aston villa,psg aston villa,onde assistir psg x aston villa,psg onde assistir,psg x aston villa onde vai passar,onde assistir psg,supercopa uefa","./explore?q=psg%20x&geo=BR"
"prichard colon","20 mil+","13 de agosto de 2026 a las 14:30:00 UTC-3",,"prichard colon,terrel williams","./explore?q=prichard%20colon&geo=BR"
"honda cb300f twister 2027","20 mil+","13 de agosto de 2026 a las 19:10:00 UTC-3",,"honda cb300f twister 2027,twister 2027,honda cb twister,honda cb 300f twister 2027","./explore?q=honda%20cb300f%20twister%202027&geo=BR"
"cantor gospel","20 mil+","13 de agosto de 2026 a las 18:20:00 UTC-3",,"cantor gospel,marquinhos menezes","./explore?q=cantor%20gospel&geo=BR"
"jeep avenger","20 mil+","12 de agosto de 2026 a las 20:00:00 UTC-3",,"jeep avenger,teste,novo jeep avenger preço,novo jeep avenger 2027","./explore?q=jeep%20avenger&geo=BR"
"lotofacil 3761","20 mil+","13 de agosto de 2026 a las 21:00:00 UTC-3",,"lotofacil 3761,lotofacil 3760,lotofácil 3761,resultado da lotofácil concurso 3761,resultado da lotofácil 3761,lotofacil 3761 resultado,resultado lotofacil 3761,lotofácil 3760,resultado da lotofácil concurso 3760,resultado lotofácil 3761,lotofácil concurso 3761,resultado da lotofácil 3760,lotofácil,resultado lotofácil 3760,resultado lotofacil 3760,loterias","./explore?q=lotofacil%203761&geo=BR"
"salário","20 mil+","12 de agosto de 2026 a las 11:40:00 UTC-3",,"salário","./explore?q=sal%C3%A1rio&geo=BR"
"saque fgts","20 mil+","13 de agosto de 2026 a las 19:30:00 UTC-3",,"saque fgts,tribunal superior do trabalho","./explore?q=saque%20fgts&geo=BR"
"pagamento","20 mil+","13 de agosto de 2026 a las 21:50:00 UTC-3","14 de agosto de 2026 a las 9:50:00 UTC-3","pagamento","./explore?q=pagamento&geo=BR"
"irmão","20 mil+","13 de agosto de 2026 a las 14:10:00 UTC-3","14 de agosto de 2026 a las 9:10:00 UTC-3","irmão","./explore?q=irm%C3%A3o&geo=BR"
"trânsito","20 mil+","13 de agosto de 2026 a las 9:20:00 UTC-3","14 de agosto de 2026 a las 9:00:00 UTC-3","trânsito","./explore?q=tr%C3%A2nsito&geo=BR"
"calor","20 mil+","13 de agosto de 2026 a las 20:10:00 UTC-3","14 de agosto de 2026 a las 8:20:00 UTC-3","calor,onda de calor,veranico,clima tempo,clima hoje,clima de hoje","./explore?q=calor&geo=BR"
"tv globinho","20 mil+","12 de agosto de 2026 a las 22:20:00 UTC-3","14 de agosto de 2026 a las 9:30:00 UTC-3","tv globinho,globo tv globinho","./explore?q=tv%20globinho&geo=BR"
"marco rubio","20 mil+","12 de agosto de 2026 a las 11:00:00 UTC-3","13 de agosto de 2026 a las 9:10:00 UTC-3","marco rubio","./explore?q=marco%20rubio&geo=BR"
"humberto martins","20 mil+","12 de agosto de 2026 a las 12:10:00 UTC-3","13 de agosto de 2026 a las 14:20:00 UTC-3","humberto martins","./explore?q=humberto%20martins&geo=BR"
"everton x newcastle","20 mil+","12 de agosto de 2026 a las 12:20:00 UTC-3","12 de agosto de 2026 a las 19:20:00 UTC-3","everton x newcastle,everton newcastle 12/08/2026","./explore?q=everton%20x%20newcastle&geo=BR"
"carteira digital de trânsito","10 mil+","13 de agosto de 2026 a las 19:50:00 UTC-3",,"carteira digital de trânsito,carteira nacional de habilitação","./explore?q=carteira%20digital%20de%20tr%C3%A2nsito&geo=BR"
"china","10 mil+","13 de agosto de 2026 a las 20:40:00 UTC-3",,"china","./explore?q=china&geo=BR"
"mega sena 3044","10 mil+","13 de agosto de 2026 a las 21:00:00 UTC-3",,"mega sena 3044,resultado da mega sena 3044,resultado mega sena 3044,resultado da mega-sena concurso 3044,resultado da mega-sena 3044,resultado da mega sena concurso 3044","./explore?q=mega%20sena%203044&geo=BR"
"wi-fi","10 mil+","13 de agosto de 2026 a las 13:40:00 UTC-3",,"wi-fi","./explore?q=wi-fi&geo=BR"
"danilo barbosa","10 mil+","13 de agosto de 2026 a las 13:20:00 UTC-3",,"danilo barbosa,danilo","./explore?q=danilo%20barbosa&geo=BR"
"quina 7091","10 mil+","13 de agosto de 2026 a las 21:10:00 UTC-3",,"quina 7091,resultado da quina 7091,resultado da quina concurso 7091,quina 7090,resultado da quina concurso 7090,resultado da quina 7090","./explore?q=quina%207091&geo=BR"
"chaeyoung","10 mil+","13 de agosto de 2026 a las 15:00:00 UTC-3","14 de agosto de 2026 a las 9:20:00 UTC-3","chaeyoung","./explore?q=chaeyoung&geo=BR"
"colômbia","10 mil+","14 de agosto de 2026 a las 4:50:00 UTC-3","14 de agosto de 2026 a las 8:50:00 UTC-3","colômbia,el salvador,el salvador terremoto,terremoto","./explore?q=col%C3%B4mbia&geo=BR"
"sudamericana","10 mil+","13 de agosto de 2026 a las 19:30:00 UTC-3","14 de agosto de 2026 a las 8:10:00 UTC-3","sudamericana,matías succar,club sportivo cienciano","./explore?q=sudamericana&geo=BR"
"dakota johnson","10 mil+","12 de agosto de 2026 a las 19:50:00 UTC-3","14 de agosto de 2026 a las 8:40:00 UTC-3","dakota johnson","./explore?q=dakota%20johnson&geo=BR"
"piranha","10 mil+","13 de agosto de 2026 a las 10:50:00 UTC-3","14 de agosto de 2026 a las 7:50:00 UTC-3","piranha","./explore?q=piranha&geo=BR"
"roubo","10 mil+","13 de agosto de 2026 a las 9:10:00 UTC-3","14 de agosto de 2026 a las 8:00:00 UTC-3","roubo","./explore?q=roubo&geo=BR"
"benefício de prestação continuada","10 mil+","13 de agosto de 2026 a las 13:40:00 UTC-3","14 de agosto de 2026 a las 6:40:00 UTC-3","benefício de prestação continuada","./explore?q=benef%C3%ADcio%20de%20presta%C3%A7%C3%A3o%20continuada&geo=BR"
"15 de agosto","10 mil+","12 de agosto de 2026 a las 19:40:00 UTC-3","14 de agosto de 2026 a las 8:50:00 UTC-3","15 de agosto","./explore?q=15%20de%20agosto&geo=BR"
"hearts x benfica","10 mil+","13 de agosto de 2026 a las 14:50:00 UTC-3","13 de agosto de 2026 a las 21:40:00 UTC-3","hearts x benfica,benfica","./explore?q=hearts%20x%20benfica&geo=BR"
"concurso público","10 mil+","13 de agosto de 2026 a las 5:10:00 UTC-3","14 de agosto de 2026 a las 6:20:00 UTC-3","concurso público","./explore?q=concurso%20p%C3%BAblico&geo=BR"
"celso amorim","10 mil+","12 de agosto de 2026 a las 16:40:00 UTC-3","13 de agosto de 2026 a las 15:40:00 UTC-3","celso amorim","./explore?q=celso%20amorim&geo=BR"
"cachoeira","10 mil+","12 de agosto de 2026 a las 16:30:00 UTC-3","13 de agosto de 2026 a las 15:50:00 UTC-3","cachoeira","./explore?q=cachoeira&geo=BR"
"justiça","10 mil+","13 de agosto de 2026 a las 16:20:00 UTC-3","14 de agosto de 2026 a las 7:10:00 UTC-3","justiça","./explore?q=justi%C3%A7a&geo=BR"
"14 de agosto","10 mil+","12 de agosto de 2026 a las 16:40:00 UTC-3","13 de agosto de 2026 a las 10:10:00 UTC-3","14 de agosto","./explore?q=14%20de%20agosto&geo=BR"
"disney plus","10 mil+","13 de agosto de 2026 a las 19:00:00 UTC-3","13 de agosto de 2026 a las 23:30:00 UTC-3","disney plus","./explore?q=disney%20plus&geo=BR"
"disney","10 mil+","13 de agosto de 2026 a las 19:00:00 UTC-3","13 de agosto de 2026 a las 23:30:00 UTC-3","disney","./explore?q=disney&geo=BR"
"sandy","10 mil+","12 de agosto de 2026 a las 20:20:00 UTC-3","13 de agosto de 2026 a las 10:50:00 UTC-3","sandy","./explore?q=sandy&geo=BR"
"coreia do norte","10 mil+","12 de agosto de 2026 a las 12:40:00 UTC-3","13 de agosto de 2026 a las 7:40:00 UTC-3","coreia do norte","./explore?q=coreia%20do%20norte&geo=BR"
"playstation plus extra","10 mil+","12 de agosto de 2026 a las 14:30:00 UTC-3","13 de agosto de 2026 a las 7:10:00 UTC-3","playstation plus extra,playstation,playstation plus,playstation plus extra jogos,playstation plus jogos,ps plus extra agosto,ps plus","./explore?q=playstation%20plus%20extra&geo=BR"
"ben shelton","10 mil+","13 de agosto de 2026 a las 21:50:00 UTC-3","14 de agosto de 2026 a las 0:10:00 UTC-3","ben shelton,brandon nakashima,nakashima,learner tien,shelton","./explore?q=ben%20shelton&geo=BR"
"brian madjo","10 mil+","12 de agosto de 2026 a las 15:20:00 UTC-3","13 de agosto de 2026 a las 7:30:00 UTC-3","brian madjo,madjo,madjo aston villa,emiliano buendía,george hemmings","./explore?q=brian%20madjo&geo=BR"
"eclipse hoje","10 mil+","12 de agosto de 2026 a las 11:20:00 UTC-3","13 de agosto de 2026 a las 1:10:00 UTC-3","eclipse hoje,eclipse solar total,horario do eclipse,eclipse solar brasil","./explore?q=eclipse%20hoje&geo=BR"
"nottingham forest x leverkusen","10 mil+","12 de agosto de 2026 a las 14:50:00 UTC-3","12 de agosto de 2026 a las 21:10:00 UTC-3","nottingham forest x leverkusen","./explore?q=nottingham%20forest%20x%20leverkusen&geo=BR"
"paramount","10 mil+","13 de agosto de 2026 a las 18:40:00 UTC-3","13 de agosto de 2026 a las 20:20:00 UTC-3","paramount,paramount +","./explore?q=paramount&geo=BR"
"sbt ao vivo","10 mil+","12 de agosto de 2026 a las 15:50:00 UTC-3","12 de agosto de 2026 a las 18:30:00 UTC-3","sbt ao vivo,ratinho","./explore?q=sbt%20ao%20vivo&geo=BR"
"sbt","10 mil+","12 de agosto de 2026 a las 15:40:00 UTC-3","12 de agosto de 2026 a las 18:30:00 UTC-3","sbt","./explore?q=sbt&geo=BR"
"deportivo - real madrid","10 mil+","12 de agosto de 2026 a las 15:10:00 UTC-3","12 de agosto de 2026 a las 19:20:00 UTC-3","deportivo - real madrid,deportivo vs real madrid,deportivo la coruña real madrid 12/08/2026,deportivo – real madrid","./explore?q=deportivo%20-%20real%20madrid&geo=BR"
"discord","10 mil+","12 de agosto de 2026 a las 12:50:00 UTC-3","12 de agosto de 2026 a las 15:00:00 UTC-3","discord,anpd,discord brasil,anpd discord","./explore?q=discord&geo=BR"
"simaria mendes","5 mil+","13 de agosto de 2026 a las 19:00:00 UTC-3",,"simaria mendes","./explore?q=simaria%20mendes&geo=BR"
"rubens pierrotti jr","5 mil+","13 de agosto de 2026 a las 16:50:00 UTC-3",,"rubens pierrotti jr,exército","./explore?q=rubens%20pierrotti%20jr&geo=BR"
"tulio gadelha","5 mil+","14 de agosto de 2026 a las 0:50:00 UTC-3",,"tulio gadelha,túlio gadêlha","./explore?q=tulio%20gadelha&geo=BR"
"situação de inundação próxima ao rio taquari","5 mil+","13 de agosto de 2026 a las 20:30:00 UTC-3","14 de agosto de 2026 a las 9:40:00 UTC-3","situação de inundação próxima ao rio taquari","./explore?q=situa%C3%A7%C3%A3o%20de%20inunda%C3%A7%C3%A3o%20pr%C3%B3xima%20ao%20rio%20taquari&geo=BR"
"tempestade","5 mil+","14 de agosto de 2026 a las 0:20:00 UTC-3","14 de agosto de 2026 a las 7:40:00 UTC-3","tempestade","./explore?q=tempestade&geo=BR"
"ángel di maría","5 mil+","13 de agosto de 2026 a las 20:50:00 UTC-3","14 de agosto de 2026 a las 7:50:00 UTC-3","ángel di maría,marco ruben,jeremías ledesma,club atlético rosario central,vicente pizarro","./explore?q=%C3%A1ngel%20di%20mar%C3%ADa&geo=BR"
"13 de agosto","5 mil+","13 de agosto de 2026 a las 6:30:00 UTC-3","14 de agosto de 2026 a las 8:10:00 UTC-3","13 de agosto,horoscopo do dia","./explore?q=13%20de%20agosto&geo=BR"
"abelhas","5 mil+","13 de agosto de 2026 a las 10:50:00 UTC-3","14 de agosto de 2026 a las 8:10:00 UTC-3","abelhas","./explore?q=abelhas&geo=BR"
"hapv3","5 mil+","13 de agosto de 2026 a las 4:40:00 UTC-3","13 de agosto de 2026 a las 19:50:00 UTC-3","hapv3","./explore?q=hapv3&geo=BR"
"secretário de defesa dos estados unidos","5 mil+","12 de agosto de 2026 a las 20:30:00 UTC-3","13 de agosto de 2026 a las 17:20:00 UTC-3","secretário de defesa dos estados unidos","./explore?q=secret%C3%A1rio%20de%20defesa%20dos%20estados%20unidos&geo=BR"
"edson fachin","5 mil+","14 de agosto de 2026 a las 5:30:00 UTC-3","14 de agosto de 2026 a las 9:00:00 UTC-3","edson fachin,transparência internacional,flávio dino,liberdade de imprensa,poder360","./explore?q=edson%20fachin&geo=BR"
"nando entre dois mundos","5 mil+","12 de agosto de 2026 a las 15:10:00 UTC-3","14 de agosto de 2026 a las 1:50:00 UTC-3","nando entre dois mundos","./explore?q=nando%20entre%20dois%20mundos&geo=BR"
"bebê","5 mil+","13 de agosto de 2026 a las 12:20:00 UTC-3","13 de agosto de 2026 a las 19:40:00 UTC-3","bebê","./explore?q=beb%C3%AA&geo=BR"
"conor kennedy","5 mil+","13 de agosto de 2026 a las 11:10:00 UTC-3","13 de agosto de 2026 a las 20:00:00 UTC-3","conor kennedy,giulia be","./explore?q=conor%20kennedy&geo=BR"
"leonardo gaciba","5 mil+","13 de agosto de 2026 a las 19:00:00 UTC-3","14 de agosto de 2026 a las 7:10:00 UTC-3","leonardo gaciba","./explore?q=leonardo%20gaciba&geo=BR"
"zubeldia","5 mil+","13 de agosto de 2026 a las 7:50:00 UTC-3","13 de agosto de 2026 a las 14:10:00 UTC-3","zubeldia,luis zubeldía,jogos ontem,jogo de ontem","./explore?q=zubeldia&geo=BR"
"renata sayuri","5 mil+","12 de agosto de 2026 a las 13:30:00 UTC-3","13 de agosto de 2026 a las 8:30:00 UTC-3","renata sayuri","./explore?q=renata%20sayuri&geo=BR"
"chuva de meteoros 12 de agosto","5 mil+","12 de agosto de 2026 a las 18:00:00 UTC-3","13 de agosto de 2026 a las 9:20:00 UTC-3","chuva de meteoros 12 de agosto,chuvas de meteoros hoje","./explore?q=chuva%20de%20meteoros%2012%20de%20agosto&geo=BR"
"charles iii","5 mil+","13 de agosto de 2026 a las 7:10:00 UTC-3","13 de agosto de 2026 a las 16:10:00 UTC-3","charles iii","./explore?q=charles%20iii&geo=BR"
"uss abraham lincoln (cvn-72)","5 mil+","13 de agosto de 2026 a las 7:30:00 UTC-3","13 de agosto de 2026 a las 17:10:00 UTC-3","uss abraham lincoln (cvn-72),pete hegseth,uss abraham lincoln (cvn 72),live","./explore?q=uss%20abraham%20lincoln%20%28cvn-72%29&geo=BR"
"tiririca","5 mil+","13 de agosto de 2026 a las 14:20:00 UTC-3","13 de agosto de 2026 a las 19:10:00 UTC-3","tiririca","./explore?q=tiririca&geo=BR"
"camila queiroz","5 mil+","12 de agosto de 2026 a las 12:40:00 UTC-3","13 de agosto de 2026 a las 18:20:00 UTC-3","camila queiroz","./explore?q=camila%20queiroz&geo=BR"
"concurso transpetro edital","5 mil+","12 de agosto de 2026 a las 11:20:00 UTC-3","12 de agosto de 2026 a las 23:20:00 UTC-3","concurso transpetro edital,transpetro edital concurso","./explore?q=concurso%20transpetro%20edital&geo=BR"
"lula e flavio bolsonaro pesquisa","5 mil+","13 de agosto de 2026 a las 19:10:00 UTC-3","13 de agosto de 2026 a las 21:50:00 UTC-3","lula e flavio bolsonaro pesquisa,pesquisa, presidente,romeu zema,eleição","./explore?q=lula%20e%20flavio%20bolsonaro%20pesquisa&geo=BR"
"percarbonato de sódio","5 mil+","13 de agosto de 2026 a las 7:50:00 UTC-3","14 de agosto de 2026 a las 8:20:00 UTC-3","percarbonato de sódio,anvisa proibe percarbonato,anvisa proibe","./explore?q=percarbonato%20de%20s%C3%B3dio&geo=BR"
"vingadores doutor destino","5 mil+","12 de agosto de 2026 a las 15:40:00 UTC-3","13 de agosto de 2026 a las 3:00:00 UTC-3","vingadores doutor destino","./explore?q=vingadores%20doutor%20destino&geo=BR"
"keny arroyo","5 mil+","12 de agosto de 2026 a las 21:20:00 UTC-3","13 de agosto de 2026 a las 8:10:00 UTC-3","keny arroyo,chaveamento libertadores 2026,fabrício bruno,resultado jogo do cruzeiro,arroyo cruzeiro","./explore?q=keny%20arroyo&geo=BR"
"lucinha lins","5 mil+","12 de agosto de 2026 a las 14:00:00 UTC-3","13 de agosto de 2026 a las 7:20:00 UTC-3","lucinha lins","./explore?q=lucinha%20lins&geo=BR"
"platense x coquimbo unido","5 mil+","12 de agosto de 2026 a las 18:10:00 UTC-3","13 de agosto de 2026 a las 7:10:00 UTC-3","platense x coquimbo unido","./explore?q=platense%20x%20coquimbo%20unido&geo=BR"
"tocantins","5 mil+","12 de agosto de 2026 a las 15:50:00 UTC-3","13 de agosto de 2026 a las 6:00:00 UTC-3","tocantins","./explore?q=tocantins&geo=BR"
"seleção brasileira","5 mil+","13 de agosto de 2026 a las 12:50:00 UTC-3","13 de agosto de 2026 a las 15:10:00 UTC-3","seleção brasileira","./explore?q=sele%C3%A7%C3%A3o%20brasileira&geo=BR"
"jungkook","5 mil+","12 de agosto de 2026 a las 11:40:00 UTC-3","12 de agosto de 2026 a las 23:50:00 UTC-3","jungkook","./explore?q=jungkook&geo=BR"
"oktoberfest blumenau","5 mil+","12 de agosto de 2026 a las 10:40:00 UTC-3","12 de agosto de 2026 a las 18:20:00 UTC-3","oktoberfest blumenau,justa causa","./explore?q=oktoberfest%20blumenau&geo=BR"
"carlos alberto de nóbrega","5 mil+","12 de agosto de 2026 a las 13:50:00 UTC-3","12 de agosto de 2026 a las 23:00:00 UTC-3","carlos alberto de nóbrega","./explore?q=carlos%20alberto%20de%20n%C3%B3brega&geo=BR"
"tigre x torque","5 mil+","12 de agosto de 2026 a las 18:10:00 UTC-3","13 de agosto de 2026 a las 5:50:00 UTC-3","tigre x torque,tigre x","./explore?q=tigre%20x%20torque&geo=BR"
"paris saint-germain","5 mil+","12 de agosto de 2026 a las 15:10:00 UTC-3","12 de agosto de 2026 a las 21:20:00 UTC-3","paris saint-germain,paris saint-germain football club,désiré doué","./explore?q=paris%20saint-germain&geo=BR"
"platense","5 mil+","12 de agosto de 2026 a las 17:40:00 UTC-3","12 de agosto de 2026 a las 22:10:00 UTC-3","platense,coquimbo unido","./explore?q=platense&geo=BR"
"napoli x aris","5 mil+","12 de agosto de 2026 a las 15:40:00 UTC-3","12 de agosto de 2026 a las 20:10:00 UTC-3","napoli x aris","./explore?q=napoli%20x%20aris&geo=BR"
"rayssa leal","5 mil+","12 de agosto de 2026 a las 16:10:00 UTC-3","12 de agosto de 2026 a las 19:50:00 UTC-3","rayssa leal","./explore?q=rayssa%20leal&geo=BR"
"sociedade esportiva palmeiras","5 mil+","12 de agosto de 2026 a las 20:30:00 UTC-3","12 de agosto de 2026 a las 21:40:00 UTC-3","sociedade esportiva palmeiras","./explore?q=sociedade%20esportiva%20palmeiras&geo=BR"
"hbo max","5 mil+","12 de agosto de 2026 a las 15:50:00 UTC-3","12 de agosto de 2026 a las 18:00:00 UTC-3","hbo max,hbomax","./explore?q=hbo%20max&geo=BR"
"justa causa","2 mil+","14 de agosto de 2026 a las 7:00:00 UTC-3",,"justa causa","./explore?q=justa%20causa&geo=BR"
"gilberto kassab","2 mil+","14 de agosto de 2026 a las 6:50:00 UTC-3",,"gilberto kassab","./explore?q=gilberto%20kassab&geo=BR"
"casa","2 mil+","14 de agosto de 2026 a las 5:00:00 UTC-3",,"casa","./explore?q=casa&geo=BR"
"marinha dos estados unidos","2 mil+","13 de agosto de 2026 a las 22:40:00 UTC-3",,"marinha dos estados unidos","./explore?q=marinha%20dos%20estados%20unidos&geo=BR"
"aeroporto internacional de los angeles","2 mil+","14 de agosto de 2026 a las 4:30:00 UTC-3",,"aeroporto internacional de los angeles","./explore?q=aeroporto%20internacional%20de%20los%20angeles&geo=BR"
"roraima","2 mil+","13 de agosto de 2026 a las 17:20:00 UTC-3",,"roraima","./explore?q=roraima&geo=BR"
"leo derik","2 mil+","13 de agosto de 2026 a las 21:50:00 UTC-3",,"leo derik","./explore?q=leo%20derik&geo=BR"
"prichard colón","2 mil+","13 de agosto de 2026 a las 14:50:00 UTC-3",,"prichard colón,boxeador prichard colon","./explore?q=prichard%20col%C3%B3n&geo=BR"
"candidatos a presidente 2026","2 mil+","13 de agosto de 2026 a las 12:30:00 UTC-3",,"candidatos a presidente 2026","./explore?q=candidatos%20a%20presidente%202026&geo=BR"
"frente fria","2 mil+","14 de agosto de 2026 a las 5:20:00 UTC-3","14 de agosto de 2026 a las 7:20:00 UTC-3","frente fria","./explore?q=frente%20fria&geo=BR"
"cienciano vs botafogo","2 mil+","13 de agosto de 2026 a las 21:20:00 UTC-3","14 de agosto de 2026 a las 8:10:00 UTC-3","cienciano vs botafogo","./explore?q=cienciano%20vs%20botafogo&geo=BR"
"superliga brasileira de voleibol masculino","2 mil+","13 de agosto de 2026 a las 19:30:00 UTC-3","14 de agosto de 2026 a las 9:00:00 UTC-3","superliga brasileira de voleibol masculino","./explore?q=superliga%20brasileira%20de%20voleibol%20masculino&geo=BR"
"nfl","2 mil+","13 de agosto de 2026 a las 20:10:00 UTC-3","14 de agosto de 2026 a las 1:30:00 UTC-3","nfl","./explore?q=nfl&geo=BR"
"exoneração","2 mil+","13 de agosto de 2026 a las 16:40:00 UTC-3","14 de agosto de 2026 a las 7:50:00 UTC-3","exoneração","./explore?q=exonera%C3%A7%C3%A3o&geo=BR"
"letícia sabatella","2 mil+","13 de agosto de 2026 a las 15:00:00 UTC-3","14 de agosto de 2026 a las 6:30:00 UTC-3","letícia sabatella","./explore?q=let%C3%ADcia%20sabatella&geo=BR"
"imposto sobre bens e serviços","2 mil+","13 de agosto de 2026 a las 15:40:00 UTC-3","13 de agosto de 2026 a las 21:30:00 UTC-3","imposto sobre bens e serviços","./explore?q=imposto%20sobre%20bens%20e%20servi%C3%A7os&geo=BR"
"cincinnati open","2 mil+","13 de agosto de 2026 a las 12:50:00 UTC-3","14 de agosto de 2026 a las 9:40:00 UTC-3","cincinnati open","./explore?q=cincinnati%20open&geo=BR"
"governador do ceará","2 mil+","13 de agosto de 2026 a las 7:00:00 UTC-3","13 de agosto de 2026 a las 20:50:00 UTC-3","governador do ceará","./explore?q=governador%20do%20cear%C3%A1&geo=BR"
"trump brasil","2 mil+","13 de agosto de 2026 a las 16:50:00 UTC-3","14 de agosto de 2026 a las 6:10:00 UTC-3","trump brasil","./explore?q=trump%20brasil&geo=BR"
"pesquisa governo paraná","2 mil+","13 de agosto de 2026 a las 15:30:00 UTC-3","13 de agosto de 2026 a las 21:00:00 UTC-3","pesquisa governo paraná","./explore?q=pesquisa%20governo%20paran%C3%A1&geo=BR"
"epic games store","2 mil+","12 de agosto de 2026 a las 18:00:00 UTC-3","13 de agosto de 2026 a las 18:00:00 UTC-3","epic games store","./explore?q=epic%20games%20store&geo=BR"
"jaminton campaz","2 mil+","13 de agosto de 2026 a las 20:50:00 UTC-3","14 de agosto de 2026 a las 0:30:00 UTC-3","jaminton campaz","./explore?q=jaminton%20campaz&geo=BR"
"vasco da gama","2 mil+","13 de agosto de 2026 a las 19:30:00 UTC-3","13 de agosto de 2026 a las 21:50:00 UTC-3","vasco da gama","./explore?q=vasco%20da%20gama&geo=BR"
"club américa x austin","2 mil+","13 de agosto de 2026 a las 21:00:00 UTC-3","14 de agosto de 2026 a las 0:50:00 UTC-3","club américa x austin","./explore?q=club%20am%C3%A9rica%20x%20austin&geo=BR"
"viatura","2 mil+","13 de agosto de 2026 a las 3:50:00 UTC-3","13 de agosto de 2026 a las 14:50:00 UTC-3","viatura,polícia militar,haddad","./explore?q=viatura&geo=BR"
"rodovia anchieta","2 mil+","13 de agosto de 2026 a las 11:10:00 UTC-3","13 de agosto de 2026 a las 19:20:00 UTC-3","rodovia anchieta","./explore?q=rodovia%20anchieta&geo=BR"
"tubarões","2 mil+","13 de agosto de 2026 a las 14:40:00 UTC-3","14 de agosto de 2026 a las 9:10:00 UTC-3","tubarões","./explore?q=tubar%C3%B5es&geo=BR"
"luiza zveiter","2 mil+","13 de agosto de 2026 a las 14:30:00 UTC-3","13 de agosto de 2026 a las 21:40:00 UTC-3","luiza zveiter","./explore?q=luiza%20zveiter&geo=BR"
"iate","2 mil+","13 de agosto de 2026 a las 12:30:00 UTC-3","13 de agosto de 2026 a las 18:20:00 UTC-3","iate","./explore?q=iate&geo=BR"
"erling haaland","2 mil+","13 de agosto de 2026 a las 16:40:00 UTC-3","13 de agosto de 2026 a las 21:40:00 UTC-3","erling haaland","./explore?q=erling%20haaland&geo=BR"
"karoline leavitt","2 mil+","13 de agosto de 2026 a las 15:00:00 UTC-3","13 de agosto de 2026 a las 20:30:00 UTC-3","karoline leavitt","./explore?q=karoline%20leavitt&geo=BR"
"mirasol","2 mil+","13 de agosto de 2026 a las 19:20:00 UTC-3","13 de agosto de 2026 a las 22:40:00 UTC-3","mirasol","./explore?q=mirasol&geo=BR"
"h&m","2 mil+","13 de agosto de 2026 a las 12:50:00 UTC-3","13 de agosto de 2026 a las 20:50:00 UTC-3","h&m","./explore?q=h%26m&geo=BR"
"tempo curitiba","2 mil+","14 de agosto de 2026 a las 4:40:00 UTC-3","14 de agosto de 2026 a las 7:30:00 UTC-3","tempo curitiba,sexta feira,alerta laranja: tempestade,previsão do tempo ponta grossa,temperatura curitiba","./explore?q=tempo%20curitiba&geo=BR"
"farmácia popular do brasil","2 mil+","12 de agosto de 2026 a las 16:20:00 UTC-3","13 de agosto de 2026 a las 9:10:00 UTC-3","farmácia popular do brasil","./explore?q=farm%C3%A1cia%20popular%20do%20brasil&geo=BR"
"br-135","2 mil+","12 de agosto de 2026 a las 17:50:00 UTC-3","13 de agosto de 2026 a las 8:40:00 UTC-3","br-135","./explore?q=br-135&geo=BR"
"sargento","2 mil+","13 de agosto de 2026 a las 14:20:00 UTC-3","13 de agosto de 2026 a las 20:30:00 UTC-3","sargento","./explore?q=sargento&geo=BR"
"the elder scrolls vi","2 mil+","13 de agosto de 2026 a las 13:40:00 UTC-3","13 de agosto de 2026 a las 20:00:00 UTC-3","the elder scrolls vi","./explore?q=the%20elder%20scrolls%20vi&geo=BR"
"surto","2 mil+","13 de agosto de 2026 a las 5:10:00 UTC-3","13 de agosto de 2026 a las 8:40:00 UTC-3","surto","./explore?q=surto&geo=BR"
"paula fernandes","2 mil+","13 de agosto de 2026 a las 3:20:00 UTC-3","13 de agosto de 2026 a las 16:20:00 UTC-3","paula fernandes","./explore?q=paula%20fernandes&geo=BR"
"rangers","2 mil+","13 de agosto de 2026 a las 16:10:00 UTC-3","13 de agosto de 2026 a las 18:40:00 UTC-3","rangers,europa league,rangers fc","./explore?q=rangers&geo=BR"
"nino","2 mil+","13 de agosto de 2026 a las 6:40:00 UTC-3","13 de agosto de 2026 a las 18:50:00 UTC-3","nino,recorde","./explore?q=nino&geo=BR"
"futebol ao vivo","2 mil+","13 de agosto de 2026 a las 19:40:00 UTC-3","13 de agosto de 2026 a las 22:50:00 UTC-3","futebol ao vivo","./explore?q=futebol%20ao%20vivo&geo=BR"
"esquema de fraudes no inss","2 mil+","13 de agosto de 2026 a las 11:40:00 UTC-3","13 de agosto de 2026 a las 17:50:00 UTC-3","esquema de fraudes no inss,conafer","./explore?q=esquema%20de%20fraudes%20no%20inss&geo=BR"
"rafa kalimann","2 mil+","12 de agosto de 2026 a las 11:50:00 UTC-3","13 de agosto de 2026 a las 6:30:00 UTC-3","rafa kalimann","./explore?q=rafa%20kalimann&geo=BR"
"ilha","2 mil+","12 de agosto de 2026 a las 14:20:00 UTC-3","13 de agosto de 2026 a las 8:20:00 UTC-3","ilha","./explore?q=ilha&geo=BR"
"impacto do eclipse nos signos","2 mil+","12 de agosto de 2026 a las 17:30:00 UTC-3","13 de agosto de 2026 a las 8:00:00 UTC-3","impacto do eclipse nos signos,signos afetados pelo eclipse","./explore?q=impacto%20do%20eclipse%20nos%20signos&geo=BR"
"reacher temporada 4","2 mil+","13 de agosto de 2026 a las 22:00:00 UTC-3","14 de agosto de 2026 a las 0:20:00 UTC-3","reacher temporada 4","./explore?q=reacher%20temporada%204&geo=BR"
"austrália","2 mil+","13 de agosto de 2026 a las 6:10:00 UTC-3","13 de agosto de 2026 a las 11:20:00 UTC-3","austrália","./explore?q=austr%C3%A1lia&geo=BR"
"despesa","2 mil+","12 de agosto de 2026 a las 19:50:00 UTC-3","13 de agosto de 2026 a las 9:00:00 UTC-3","despesa","./explore?q=despesa&geo=BR"
"coração acelerado novela","2 mil+","13 de agosto de 2026 a las 17:30:00 UTC-3","13 de agosto de 2026 a las 19:50:00 UTC-3","coração acelerado novela,leandra leal","./explore?q=cora%C3%A7%C3%A3o%20acelerado%20novela&geo=BR"
"pedro","2 mil+","12 de agosto de 2026 a las 18:00:00 UTC-3","13 de agosto de 2026 a las 6:30:00 UTC-3","pedro","./explore?q=pedro&geo=BR"
"ambev","2 mil+","12 de agosto de 2026 a las 15:00:00 UTC-3","12 de agosto de 2026 a las 22:50:00 UTC-3","ambev","./explore?q=ambev&geo=BR"
"sabrina sato","2 mil+","12 de agosto de 2026 a las 15:30:00 UTC-3","13 de agosto de 2026 a las 7:20:00 UTC-3","sabrina sato","./explore?q=sabrina%20sato&geo=BR"
"ribeirão preto","2 mil+","13 de agosto de 2026 a las 5:20:00 UTC-3","13 de agosto de 2026 a las 9:20:00 UTC-3","ribeirão preto","./explore?q=ribeir%C3%A3o%20preto&geo=BR"
"liga conferência","2 mil+","13 de agosto de 2026 a las 14:00:00 UTC-3","13 de agosto de 2026 a las 17:10:00 UTC-3","liga conferência,dínamo minsk x braga,braga fc","./explore?q=liga%20confer%C3%AAncia&geo=BR"
"andréa sorvetão","2 mil+","12 de agosto de 2026 a las 20:30:00 UTC-3","13 de agosto de 2026 a las 8:40:00 UTC-3","andréa sorvetão","./explore?q=andr%C3%A9a%20sorvet%C3%A3o&geo=BR"
"felicidade","2 mil+","12 de agosto de 2026 a las 18:30:00 UTC-3","13 de agosto de 2026 a las 8:10:00 UTC-3","felicidade","./explore?q=felicidade&geo=BR"
"psg vs aston villa","2 mil+","12 de agosto de 2026 a las 15:10:00 UTC-3","12 de agosto de 2026 a las 19:40:00 UTC-3","psg vs aston villa","./explore?q=psg%20vs%20aston%20villa&geo=BR"
"vicaricidio","2 mil+","12 de agosto de 2026 a las 13:40:00 UTC-3","12 de agosto de 2026 a las 18:30:00 UTC-3","vicaricidio,vicaricídio","./explore?q=vicaricidio&geo=BR"
"rafael jodar","2 mil+","12 de agosto de 2026 a las 19:20:00 UTC-3","12 de agosto de 2026 a las 22:30:00 UTC-3","rafael jodar,jodar","./explore?q=rafael%20jodar&geo=BR"
"elena rybakina","2 mil+","13 de agosto de 2026 a las 0:00:00 UTC-3","13 de agosto de 2026 a las 21:30:00 UTC-3","elena rybakina,iga swiatek,elina svitolina","./explore?q=elena%20rybakina&geo=BR"
"lindbergh farias","2 mil+","12 de agosto de 2026 a las 16:20:00 UTC-3","12 de agosto de 2026 a las 21:20:00 UTC-3","lindbergh farias","./explore?q=lindbergh%20farias&geo=BR"
"lotomania 2962","2 mil+","12 de agosto de 2026 a las 21:20:00 UTC-3","13 de agosto de 2026 a las 10:20:00 UTC-3","lotomania 2962,lotomania","./explore?q=lotomania%202962&geo=BR"
"maghnes akliouche","2 mil+","12 de agosto de 2026 a las 15:10:00 UTC-3","12 de agosto de 2026 a las 19:00:00 UTC-3","maghnes akliouche","./explore?q=maghnes%20akliouche&geo=BR"
"psg fc","2 mil+","12 de agosto de 2026 a las 16:20:00 UTC-3","12 de agosto de 2026 a las 19:20:00 UTC-3","psg fc,uefa super cup,khvicha kvaratskhelia,psg vs","./explore?q=psg%20fc&geo=BR"
"alysson","2 mil+","12 de agosto de 2026 a las 15:40:00 UTC-3","12 de agosto de 2026 a las 19:30:00 UTC-3","alysson","./explore?q=alysson&geo=BR"
"palmeiras libertadores","2 mil+","12 de agosto de 2026 a las 19:10:00 UTC-3","12 de agosto de 2026 a las 22:30:00 UTC-3","palmeiras libertadores,flamengo vs,rodada da libertadores","./explore?q=palmeiras%20libertadores&geo=BR"
"bragantino vs atlético mineiro","2 mil+","12 de agosto de 2026 a las 18:10:00 UTC-3","12 de agosto de 2026 a las 21:50:00 UTC-3","bragantino vs atlético mineiro","./explore?q=bragantino%20vs%20atl%C3%A9tico%20mineiro&geo=BR"
"wesley cruzeiro","2 mil+","12 de agosto de 2026 a las 21:30:00 UTC-3","12 de agosto de 2026 a las 23:50:00 UTC-3","wesley cruzeiro,joão costa,wesley,joao costa cruzeiro","./explore?q=wesley%20cruzeiro&geo=BR"
"ge tv","2 mil+","12 de agosto de 2026 a las 21:20:00 UTC-3","12 de agosto de 2026 a las 23:50:00 UTC-3","ge tv","./explore?q=ge%20tv&geo=BR"
"sport club corinthians paulista","2 mil+","14 de agosto de 2026 a las 0:00:00 UTC-3","14 de agosto de 2026 a las 0:20:00 UTC-3","sport club corinthians paulista","./explore?q=sport%20club%20corinthians%20paulista&geo=BR"
"luis roberto","2 mil+","12 de agosto de 2026 a las 21:10:00 UTC-3","13 de agosto de 2026 a las 0:00:00 UTC-3","luis roberto,luis roberto narrador,luiz roberto narrador,narrador luiz roberto,luis roberto cancer","./explore?q=luis%20roberto&geo=BR"
"josh kushner","2 mil+","12 de agosto de 2026 a las 11:30:00 UTC-3","12 de agosto de 2026 a las 14:30:00 UTC-3","josh kushner,bob iger,los angeles lakers","./explore?q=josh%20kushner&geo=BR"
"hbo","2 mil+","12 de agosto de 2026 a las 16:00:00 UTC-3","12 de agosto de 2026 a las 17:20:00 UTC-3","hbo","./explore?q=hbo&geo=BR"
"diário oficial da união","2 mil+","12 de agosto de 2026 a las 12:50:00 UTC-3","12 de agosto de 2026 a las 13:40:00 UTC-3","diário oficial da união","./explore?q=di%C3%A1rio%20oficial%20da%20uni%C3%A3o&geo=BR"
"feriado dia 15 de agosto","1 mil+","14 de agosto de 2026 a las 7:30:00 UTC-3",,"feriado dia 15 de agosto","./explore?q=feriado%20dia%2015%20de%20agosto&geo=BR"
"estádio","1 mil+","14 de agosto de 2026 a las 6:20:00 UTC-3",,"estádio","./explore?q=est%C3%A1dio&geo=BR"
"samsung galaxy","1 mil+","14 de agosto de 2026 a las 7:30:00 UTC-3",,"samsung galaxy","./explore?q=samsung%20galaxy&geo=BR"
"mrv","1 mil+","14 de agosto de 2026 a las 6:20:00 UTC-3",,"mrv,mrve3","./explore?q=mrv&geo=BR"
"lixão","1 mil+","14 de agosto de 2026 a las 5:30:00 UTC-3","14 de agosto de 2026 a las 9:40:00 UTC-3","lixão","./explore?q=lix%C3%A3o&geo=BR"
"motoboy","1 mil+","14 de agosto de 2026 a las 5:30:00 UTC-3","14 de agosto de 2026 a las 9:00:00 UTC-3","motoboy","./explore?q=motoboy&geo=BR"
"parto","1 mil+","14 de agosto de 2026 a las 0:30:00 UTC-3","14 de agosto de 2026 a las 9:30:00 UTC-3","parto","./explore?q=parto&geo=BR"
"novela a nobreza do amor","1 mil+","14 de agosto de 2026 a las 0:00:00 UTC-3","14 de agosto de 2026 a las 9:10:00 UTC-3","novela a nobreza do amor,novela nobreza do amor","./explore?q=novela%20a%20nobreza%20do%20amor&geo=BR"
"defesa civil rio do sul","1 mil+","13 de agosto de 2026 a las 15:20:00 UTC-3","14 de agosto de 2026 a las 8:20:00 UTC-3","defesa civil rio do sul","./explore?q=defesa%20civil%20rio%20do%20sul&geo=BR"
"rio grande energia","1 mil+","13 de agosto de 2026 a las 22:30:00 UTC-3","14 de agosto de 2026 a las 9:00:00 UTC-3","rio grande energia","./explore?q=rio%20grande%20energia&geo=BR"
"rodovia marechal rondon","1 mil+","13 de agosto de 2026 a las 20:30:00 UTC-3","14 de agosto de 2026 a las 7:40:00 UTC-3","rodovia marechal rondon","./explore?q=rodovia%20marechal%20rondon&geo=BR"
"datena","1 mil+","13 de agosto de 2026 a las 19:50:00 UTC-3","14 de agosto de 2026 a las 7:00:00 UTC-3","datena","./explore?q=datena&geo=BR"
"são paulo x santos","1 mil+","13 de agosto de 2026 a las 21:50:00 UTC-3","14 de agosto de 2026 a las 7:30:00 UTC-3","são paulo x santos","./explore?q=s%C3%A3o%20paulo%20x%20santos&geo=BR"
"gemini 3.7 flash","1 mil+","14 de agosto de 2026 a las 7:00:00 UTC-3","14 de agosto de 2026 a las 8:50:00 UTC-3","gemini 3.7 flash,gemini 3.7","./explore?q=gemini%203.7%20flash&geo=BR"
"cruz azul x chicago fire","1 mil+","13 de agosto de 2026 a las 21:20:00 UTC-3","14 de agosto de 2026 a las 1:10:00 UTC-3","cruz azul x chicago fire","./explore?q=cruz%20azul%20x%20chicago%20fire&geo=BR"
"disney+","1 mil+","13 de agosto de 2026 a las 19:00:00 UTC-3","13 de agosto de 2026 a las 23:10:00 UTC-3","disney+","./explore?q=disney%2B&geo=BR"
"ford ecosport","1 mil+","13 de agosto de 2026 a las 16:10:00 UTC-3","13 de agosto de 2026 a las 20:20:00 UTC-3","ford ecosport","./explore?q=ford%20ecosport&geo=BR"
"campaz","1 mil+","13 de agosto de 2026 a las 21:40:00 UTC-3","14 de agosto de 2026 a las 0:20:00 UTC-3","campaz","./explore?q=campaz&geo=BR"
"capitão","1 mil+","13 de agosto de 2026 a las 17:00:00 UTC-3","13 de agosto de 2026 a las 20:00:00 UTC-3","capitão","./explore?q=capit%C3%A3o&geo=BR"
"shelton","1 mil+","13 de agosto de 2026 a las 21:40:00 UTC-3","14 de agosto de 2026 a las 0:00:00 UTC-3","shelton","./explore?q=shelton&geo=BR"
"jogo do corinthians ao vivo","1 mil+","13 de agosto de 2026 a las 21:40:00 UTC-3","13 de agosto de 2026 a las 23:40:00 UTC-3","jogo do corinthians ao vivo","./explore?q=jogo%20do%20corinthians%20ao%20vivo&geo=BR"
"nathalia dill","1 mil+","13 de agosto de 2026 a las 23:00:00 UTC-3","14 de agosto de 2026 a las 0:20:00 UTC-3","nathalia dill,renato góes","./explore?q=nathalia%20dill&geo=BR"
"associação chapecoense de futebol","1 mil+","13 de agosto de 2026 a las 19:30:00 UTC-3","13 de agosto de 2026 a las 22:20:00 UTC-3","associação chapecoense de futebol","./explore?q=associa%C3%A7%C3%A3o%20chapecoense%20de%20futebol&geo=BR"
"olimpia","1 mil+","13 de agosto de 2026 a las 18:50:00 UTC-3","13 de agosto de 2026 a las 22:00:00 UTC-3","olimpia","./explore?q=olimpia&geo=BR"
"katsina united","1 mil+","13 de agosto de 2026 a las 15:20:00 UTC-3","13 de agosto de 2026 a las 20:20:00 UTC-3","katsina united,jogador de futebol,chinedu ozor jogador","./explore?q=katsina%20united&geo=BR"
"nova logo instagram","1 mil+","13 de agosto de 2026 a las 19:20:00 UTC-3","13 de agosto de 2026 a las 21:30:00 UTC-3","nova logo instagram","./explore?q=nova%20logo%20instagram&geo=BR"
"xiaomi hyperos 4","1 mil+","13 de agosto de 2026 a las 13:00:00 UTC-3","13 de agosto de 2026 a las 17:50:00 UTC-3","xiaomi hyperos 4","./explore?q=xiaomi%20hyperos%204&geo=BR"
"pafos x rb salzburg","1 mil+","13 de agosto de 2026 a las 13:10:00 UTC-3","13 de agosto de 2026 a las 17:00:00 UTC-3","pafos x rb salzburg,pafos","./explore?q=pafos%20x%20rb%20salzburg&geo=BR"
"dazn","1 mil+","13 de agosto de 2026 a las 20:00:00 UTC-3","13 de agosto de 2026 a las 23:00:00 UTC-3","dazn","./explore?q=dazn&geo=BR"
"tiro","1 mil+","13 de agosto de 2026 a las 15:10:00 UTC-3","13 de agosto de 2026 a las 18:10:00 UTC-3","tiro","./explore?q=tiro&geo=BR"
"isis valverde","1 mil+","13 de agosto de 2026 a las 23:10:00 UTC-3","14 de agosto de 2026 a las 0:30:00 UTC-3","isis valverde","./explore?q=isis%20valverde&geo=BR"
"santos vs","1 mil+","13 de agosto de 2026 a las 20:10:00 UTC-3","13 de agosto de 2026 a las 21:40:00 UTC-3","santos vs,philadelphia union x santos","./explore?q=santos%20vs&geo=BR"
"fundo partidário","1 mil+","13 de agosto de 2026 a las 17:00:00 UTC-3","13 de agosto de 2026 a las 20:10:00 UTC-3","fundo partidário","./explore?q=fundo%20partid%C3%A1rio&geo=BR"
"los angeles fc","1 mil+","12 de agosto de 2026 a las 23:30:00 UTC-3","13 de agosto de 2026 a las 7:30:00 UTC-3","los angeles fc","./explore?q=los%20angeles%20fc&geo=BR"
"kawasaki","1 mil+","12 de agosto de 2026 a las 22:20:00 UTC-3","13 de agosto de 2026 a las 8:10:00 UTC-3","kawasaki","./explore?q=kawasaki&geo=BR"
"orlando luz","1 mil+","13 de agosto de 2026 a las 19:20:00 UTC-3","13 de agosto de 2026 a las 21:30:00 UTC-3","orlando luz,rafael matos","./explore?q=orlando%20luz&geo=BR"
"banco do brasil bbas3","1 mil+","13 de agosto de 2026 a las 4:00:00 UTC-3","13 de agosto de 2026 a las 14:00:00 UTC-3","banco do brasil bbas3,lucro bb","./explore?q=banco%20do%20brasil%20bbas3&geo=BR"
"letícia spiller","1 mil+","13 de agosto de 2026 a las 19:50:00 UTC-3","13 de agosto de 2026 a las 21:30:00 UTC-3","letícia spiller,leticia spiller","./explore?q=let%C3%ADcia%20spiller&geo=BR"
"iptv","1 mil+","13 de agosto de 2026 a las 21:20:00 UTC-3","13 de agosto de 2026 a las 22:50:00 UTC-3","iptv","./explore?q=iptv&geo=BR"
"fernanda machado","1 mil+","13 de agosto de 2026 a las 5:50:00 UTC-3","13 de agosto de 2026 a las 10:10:00 UTC-3","fernanda machado","./explore?q=fernanda%20machado&geo=BR"
"gabriel martinelli","1 mil+","13 de agosto de 2026 a las 13:10:00 UTC-3","13 de agosto de 2026 a las 18:50:00 UTC-3","gabriel martinelli","./explore?q=gabriel%20martinelli&geo=BR"
"defesa civil do estado de santa catarina","1 mil+","13 de agosto de 2026 a las 15:00:00 UTC-3","13 de agosto de 2026 a las 17:50:00 UTC-3","defesa civil do estado de santa catarina,previsão do tempo blumenau","./explore?q=defesa%20civil%20do%20estado%20de%20santa%20catarina&geo=BR"
"diego lopes","1 mil+","12 de agosto de 2026 a las 20:40:00 UTC-3","13 de agosto de 2026 a las 9:00:00 UTC-3","diego lopes","./explore?q=diego%20lopes&geo=BR"
"grupo globo","1 mil+","13 de agosto de 2026 a las 6:50:00 UTC-3","13 de agosto de 2026 a las 14:10:00 UTC-3","grupo globo","./explore?q=grupo%20globo&geo=BR"
"tribunal penal internacional","1 mil+","13 de agosto de 2026 a las 9:30:00 UTC-3","13 de agosto de 2026 a las 11:50:00 UTC-3","tribunal penal internacional","./explore?q=tribunal%20penal%20internacional&geo=BR"
"christopher judge","1 mil+","13 de agosto de 2026 a las 8:00:00 UTC-3","13 de agosto de 2026 a las 17:50:00 UTC-3","christopher judge","./explore?q=christopher%20judge&geo=BR"
"paris jackson","1 mil+","13 de agosto de 2026 a las 6:10:00 UTC-3","13 de agosto de 2026 a las 19:40:00 UTC-3","paris jackson,paris","./explore?q=paris%20jackson&geo=BR"
"agu","1 mil+","13 de agosto de 2026 a las 6:10:00 UTC-3","13 de agosto de 2026 a las 10:00:00 UTC-3","agu","./explore?q=agu&geo=BR"
"elon musk","1 mil+","13 de agosto de 2026 a las 6:00:00 UTC-3","13 de agosto de 2026 a las 9:50:00 UTC-3","elon musk","./explore?q=elon%20musk&geo=BR"
"orlando city","1 mil+","12 de agosto de 2026 a las 20:30:00 UTC-3","13 de agosto de 2026 a las 0:00:00 UTC-3","orlando city","./explore?q=orlando%20city&geo=BR"
"embraer","1 mil+","13 de agosto de 2026 a las 6:10:00 UTC-3","13 de agosto de 2026 a las 9:20:00 UTC-3","embraer","./explore?q=embraer&geo=BR"
"emerson royal","1 mil+","12 de agosto de 2026 a las 21:20:00 UTC-3","13 de agosto de 2026 a las 0:30:00 UTC-3","emerson royal","./explore?q=emerson%20royal&geo=BR"
"perseidas","1 mil+","12 de agosto de 2026 a las 18:20:00 UTC-3","13 de agosto de 2026 a las 5:20:00 UTC-3","perseidas","./explore?q=perseidas&geo=BR"
"zé roberto guimarães","1 mil+","12 de agosto de 2026 a las 14:30:00 UTC-3","12 de agosto de 2026 a las 18:30:00 UTC-3","zé roberto guimarães","./explore?q=z%C3%A9%20roberto%20guimar%C3%A3es&geo=BR"
"monterrey x nashville sc","1 mil+","12 de agosto de 2026 a las 20:50:00 UTC-3","13 de agosto de 2026 a las 0:00:00 UTC-3","monterrey x nashville sc","./explore?q=monterrey%20x%20nashville%20sc&geo=BR"
"savinho","1 mil+","14 de agosto de 2026 a las 5:30:00 UTC-3","14 de agosto de 2026 a las 7:00:00 UTC-3","savinho,jogo agora,espn","./explore?q=savinho&geo=BR"
"br-163","1 mil+","12 de agosto de 2026 a las 20:10:00 UTC-3","13 de agosto de 2026 a las 7:10:00 UTC-3","br-163","./explore?q=br-163&geo=BR"
"toluca x fc dallas","1 mil+","12 de agosto de 2026 a las 22:30:00 UTC-3","13 de agosto de 2026 a las 1:40:00 UTC-3","toluca x fc dallas,toluca","./explore?q=toluca%20x%20fc%20dallas&geo=BR"
"colisão frontal","1 mil+","12 de agosto de 2026 a las 18:20:00 UTC-3","12 de agosto de 2026 a las 20:20:00 UTC-3","colisão frontal","./explore?q=colis%C3%A3o%20frontal&geo=BR"
"zé lucas","1 mil+","12 de agosto de 2026 a las 23:00:00 UTC-3","13 de agosto de 2026 a las 6:30:00 UTC-3","zé lucas,ze lucas,ze lucas cruzeiro","./explore?q=z%C3%A9%20lucas&geo=BR"
"palmeira","1 mil+","12 de agosto de 2026 a las 19:50:00 UTC-3","12 de agosto de 2026 a las 22:00:00 UTC-3","palmeira","./explore?q=palmeira&geo=BR"
"bruna marquezine","1 mil+","13 de agosto de 2026 a las 6:00:00 UTC-3","13 de agosto de 2026 a las 7:30:00 UTC-3","bruna marquezine","./explore?q=bruna%20marquezine&geo=BR"
"russell westbrook","1 mil+","12 de agosto de 2026 a las 16:10:00 UTC-3","12 de agosto de 2026 a las 18:40:00 UTC-3","russell westbrook,westbrook","./explore?q=russell%20westbrook&geo=BR"
"iga świątek","1 mil+","12 de agosto de 2026 a las 21:40:00 UTC-3","13 de agosto de 2026 a las 0:20:00 UTC-3","iga świątek","./explore?q=iga%20%C5%9Bwi%C4%85tek&geo=BR"
"málaga fulham 12/08/2026","1 mil+","12 de agosto de 2026 a las 16:10:00 UTC-3","12 de agosto de 2026 a las 18:20:00 UTC-3","málaga fulham 12/08/2026","./explore?q=m%C3%A1laga%20fulham%2012%2F08%2F2026&geo=BR"
"orlando city x atlético san luis","1 mil+","12 de agosto de 2026 a las 20:50:00 UTC-3","13 de agosto de 2026 a las 0:10:00 UTC-3","orlando city x atlético san luis","./explore?q=orlando%20city%20x%20atl%C3%A9tico%20san%20luis&geo=BR"
"newcastle","1 mil+","12 de agosto de 2026 a las 13:30:00 UTC-3","12 de agosto de 2026 a las 16:10:00 UTC-3","newcastle","./explore?q=newcastle&geo=BR"
"inter miami - león","1 mil+","12 de agosto de 2026 a las 20:00:00 UTC-3","12 de agosto de 2026 a las 23:00:00 UTC-3","inter miami - león,posiciones de inter miami contra club león","./explore?q=inter%20miami%20-%20le%C3%B3n&geo=BR"
"romeu tuma júnior","1 mil+","12 de agosto de 2026 a las 14:10:00 UTC-3","12 de agosto de 2026 a las 17:10:00 UTC-3","romeu tuma júnior","./explore?q=romeu%20tuma%20j%C3%BAnior&geo=BR"
"joão gomes","1 mil+","12 de agosto de 2026 a las 16:20:00 UTC-3","12 de agosto de 2026 a las 18:40:00 UTC-3","joão gomes,pau torres","./explore?q=jo%C3%A3o%20gomes&geo=BR"
"ford ranger","1 mil+","12 de agosto de 2026 a las 16:50:00 UTC-3","12 de agosto de 2026 a las 19:30:00 UTC-3","ford ranger","./explore?q=ford%20ranger&geo=BR"
"luciano rodríguez","1 mil+","12 de agosto de 2026 a las 21:20:00 UTC-3","13 de agosto de 2026 a las 0:00:00 UTC-3","luciano rodríguez","./explore?q=luciano%20rodr%C3%ADguez&geo=BR"
"champions league","1 mil+","12 de agosto de 2026 a las 16:40:00 UTC-3","12 de agosto de 2026 a las 18:50:00 UTC-3","champions league","./explore?q=champions%20league&geo=BR"
"napoli","1 mil+","12 de agosto de 2026 a las 16:30:00 UTC-3","12 de agosto de 2026 a las 18:40:00 UTC-3","napoli","./explore?q=napoli&geo=BR"
"copenhagen fc","1 mil+","12 de agosto de 2026 a las 13:30:00 UTC-3","12 de agosto de 2026 a las 16:00:00 UTC-3","copenhagen fc","./explore?q=copenhagen%20fc&geo=BR"
"carros eletricos no brasil","1 mil+","12 de agosto de 2026 a las 18:20:00 UTC-3","12 de agosto de 2026 a las 20:20:00 UTC-3","carros eletricos no brasil","./explore?q=carros%20eletricos%20no%20brasil&geo=BR"
"yamaha r7","1 mil+","12 de agosto de 2026 a las 14:30:00 UTC-3","13 de agosto de 2026 a las 0:40:00 UTC-3","yamaha r7,nova r7 yamaha","./explore?q=yamaha%20r7&geo=BR"
"champions","1 mil+","12 de agosto de 2026 a las 16:40:00 UTC-3","12 de agosto de 2026 a las 18:40:00 UTC-3","champions","./explore?q=champions&geo=BR"
"max","1 mil+","12 de agosto de 2026 a las 16:00:00 UTC-3","12 de agosto de 2026 a las 17:40:00 UTC-3","max","./explore?q=max&geo=BR"
"urna eleitoral","500+","14 de agosto de 2026 a las 8:00:00 UTC-3",,"urna eleitoral","./explore?q=urna%20eleitoral&geo=BR"
"adoção","500+","14 de agosto de 2026 a las 7:30:00 UTC-3",,"adoção","./explore?q=ado%C3%A7%C3%A3o&geo=BR"
"marvel's wolverine","500+","14 de agosto de 2026 a las 7:40:00 UTC-3",,"marvel's wolverine","./explore?q=marvel%27s%20wolverine&geo=BR"
"visto","500+","14 de agosto de 2026 a las 6:00:00 UTC-3","14 de agosto de 2026 a las 9:10:00 UTC-3","visto","./explore?q=visto&geo=BR"
"embaixador da argentina no brasil","500+","14 de agosto de 2026 a las 6:30:00 UTC-3","14 de agosto de 2026 a las 8:20:00 UTC-3","embaixador da argentina no brasil","./explore?q=embaixador%20da%20argentina%20no%20brasil&geo=BR"
"médico","500+","13 de agosto de 2026 a las 19:40:00 UTC-3","14 de agosto de 2026 a las 7:30:00 UTC-3","médico","./explore?q=m%C3%A9dico&geo=BR"
"camp rock 3","500+","13 de agosto de 2026 a las 22:10:00 UTC-3","14 de agosto de 2026 a las 2:10:00 UTC-3","camp rock 3","./explore?q=camp%20rock%203&geo=BR"
"alejandro hohberg","500+","13 de agosto de 2026 a las 22:50:00 UTC-3","14 de agosto de 2026 a las 1:00:00 UTC-3","alejandro hohberg","./explore?q=alejandro%20hohberg&geo=BR"
"cruz azul","500+","13 de agosto de 2026 a las 23:00:00 UTC-3","14 de agosto de 2026 a las 1:10:00 UTC-3","cruz azul","./explore?q=cruz%20azul&geo=BR"
"portland timbers","500+","13 de agosto de 2026 a las 23:40:00 UTC-3","14 de agosto de 2026 a las 2:00:00 UTC-3","portland timbers","./explore?q=portland%20timbers&geo=BR"
"jogada de risco","500+","14 de agosto de 2026 a las 0:00:00 UTC-3","14 de agosto de 2026 a las 2:10:00 UTC-3","jogada de risco","./explore?q=jogada%20de%20risco&geo=BR"
"iga świątek","500+","13 de agosto de 2026 a las 19:20:00 UTC-3","13 de agosto de 2026 a las 21:30:00 UTC-3","iga świątek","./explore?q=iga%20%C5%9Bwi%C4%85tek&geo=BR"
"willian arão","500+","13 de agosto de 2026 a las 20:40:00 UTC-3","13 de agosto de 2026 a las 22:30:00 UTC-3","willian arão","./explore?q=willian%20ar%C3%A3o&geo=BR"
"botafogo vs","500+","13 de agosto de 2026 a las 22:40:00 UTC-3","14 de agosto de 2026 a las 0:40:00 UTC-3","botafogo vs","./explore?q=botafogo%20vs&geo=BR"
"jose loreto é diabetico","500+","13 de agosto de 2026 a las 21:20:00 UTC-3","13 de agosto de 2026 a las 23:20:00 UTC-3","jose loreto é diabetico","./explore?q=jose%20loreto%20%C3%A9%20diabetico&geo=BR"
"gilmar mendes","500+","13 de agosto de 2026 a las 9:50:00 UTC-3","13 de agosto de 2026 a las 14:50:00 UTC-3","gilmar mendes","./explore?q=gilmar%20mendes&geo=BR"
"disney +","500+","13 de agosto de 2026 a las 21:20:00 UTC-3","13 de agosto de 2026 a las 22:50:00 UTC-3","disney +","./explore?q=disney%20%2B&geo=BR"
"amora mautner","500+","13 de agosto de 2026 a las 23:10:00 UTC-3","14 de agosto de 2026 a las 0:20:00 UTC-3","amora mautner","./explore?q=amora%20mautner&geo=BR"
"new york city fc x necaxa","500+","13 de agosto de 2026 a las 20:10:00 UTC-3","13 de agosto de 2026 a las 22:00:00 UTC-3","new york city fc x necaxa","./explore?q=new%20york%20city%20fc%20x%20necaxa&geo=BR"
"futebol online","500+","13 de agosto de 2026 a las 19:30:00 UTC-3","13 de agosto de 2026 a las 22:40:00 UTC-3","futebol online","./explore?q=futebol%20online&geo=BR"
"franco posse","500+","13 de agosto de 2026 a las 19:00:00 UTC-3","13 de agosto de 2026 a las 20:30:00 UTC-3","franco posse","./explore?q=franco%20posse&geo=BR"
"crédito","500+","13 de agosto de 2026 a las 17:00:00 UTC-3","13 de agosto de 2026 a las 18:20:00 UTC-3","crédito","./explore?q=cr%C3%A9dito&geo=BR"
"instagram logo","500+","13 de agosto de 2026 a las 15:50:00 UTC-3","13 de agosto de 2026 a las 19:00:00 UTC-3","instagram logo","./explore?q=instagram%20logo&geo=BR"
"kelly slater","500+","13 de agosto de 2026 a las 21:10:00 UTC-3","13 de agosto de 2026 a las 22:20:00 UTC-3","kelly slater","./explore?q=kelly%20slater&geo=BR"
"bilionário","500+","13 de agosto de 2026 a las 14:30:00 UTC-3","13 de agosto de 2026 a las 16:20:00 UTC-3","bilionário","./explore?q=bilion%C3%A1rio&geo=BR"
"linha 7 da cptm","500+","13 de agosto de 2026 a las 4:40:00 UTC-3","13 de agosto de 2026 a las 8:40:00 UTC-3","linha 7 da cptm","./explore?q=linha%207%20da%20cptm&geo=BR"
"sindicato","500+","13 de agosto de 2026 a las 17:10:00 UTC-3","13 de agosto de 2026 a las 19:00:00 UTC-3","sindicato","./explore?q=sindicato&geo=BR"
"katie holmes","500+","13 de agosto de 2026 a las 16:30:00 UTC-3","13 de agosto de 2026 a las 18:00:00 UTC-3","katie holmes","./explore?q=katie%20holmes&geo=BR"
"lafc x querétaro","500+","12 de agosto de 2026 a las 23:20:00 UTC-3","13 de agosto de 2026 a las 2:30:00 UTC-3","lafc x querétaro","./explore?q=lafc%20x%20quer%C3%A9taro&geo=BR"
"portugal","500+","13 de agosto de 2026 a las 18:40:00 UTC-3","13 de agosto de 2026 a las 19:50:00 UTC-3","portugal","./explore?q=portugal&geo=BR"
"zila morre em coração acelerado","500+","13 de agosto de 2026 a las 19:40:00 UTC-3","13 de agosto de 2026 a las 20:50:00 UTC-3","zila morre em coração acelerado","./explore?q=zila%20morre%20em%20cora%C3%A7%C3%A3o%20acelerado&geo=BR"
"rangers x jagiellonia białystok","500+","13 de agosto de 2026 a las 15:50:00 UTC-3","13 de agosto de 2026 a las 18:00:00 UTC-3","rangers x jagiellonia białystok","./explore?q=rangers%20x%20jagiellonia%20bia%C5%82ystok&geo=BR"
"vacinação","500+","12 de agosto de 2026 a las 22:10:00 UTC-3","13 de agosto de 2026 a las 1:00:00 UTC-3","vacinação","./explore?q=vacina%C3%A7%C3%A3o&geo=BR"
"comando vermelho","500+","13 de agosto de 2026 a las 6:30:00 UTC-3","13 de agosto de 2026 a las 9:10:00 UTC-3","comando vermelho","./explore?q=comando%20vermelho&geo=BR"
"chris brown","500+","13 de agosto de 2026 a las 0:40:00 UTC-3","14 de agosto de 2026 a las 1:40:00 UTC-3","chris brown","./explore?q=chris%20brown&geo=BR"
"resultado da libertadores","500+","14 de agosto de 2026 a las 5:50:00 UTC-3","14 de agosto de 2026 a las 6:30:00 UTC-3","resultado da libertadores,futebol online,futebol ao vivo online","./explore?q=resultado%20da%20libertadores&geo=BR"
"seattle sounders x guadalajara","500+","12 de agosto de 2026 a las 23:20:00 UTC-3","13 de agosto de 2026 a las 2:20:00 UTC-3","seattle sounders x guadalajara","./explore?q=seattle%20sounders%20x%20guadalajara&geo=BR"
"edmundo","500+","13 de agosto de 2026 a las 12:20:00 UTC-3","13 de agosto de 2026 a las 15:20:00 UTC-3","edmundo","./explore?q=edmundo&geo=BR"
"toluca fc dallas 12/08/2026","500+","12 de agosto de 2026 a las 23:20:00 UTC-3","13 de agosto de 2026 a las 6:50:00 UTC-3","toluca fc dallas 12/08/2026","./explore?q=toluca%20fc%20dallas%2012%2F08%2F2026&geo=BR"
"crise humanitária","500+","12 de agosto de 2026 a las 17:40:00 UTC-3","12 de agosto de 2026 a las 20:00:00 UTC-3","crise humanitária","./explore?q=crise%20humanit%C3%A1ria&geo=BR"
"track and field","500+","13 de agosto de 2026 a las 7:10:00 UTC-3","13 de agosto de 2026 a las 14:50:00 UTC-3","track and field","./explore?q=track%20and%20field&geo=BR"
"dibu martinez","500+","12 de agosto de 2026 a las 16:20:00 UTC-3","12 de agosto de 2026 a las 18:30:00 UTC-3","dibu martinez","./explore?q=dibu%20martinez&geo=BR"
"everton","500+","12 de agosto de 2026 a las 14:00:00 UTC-3","12 de agosto de 2026 a las 16:10:00 UTC-3","everton","./explore?q=everton&geo=BR"
"mangueira","500+","12 de agosto de 2026 a las 13:00:00 UTC-3","12 de agosto de 2026 a las 15:10:00 UTC-3","mangueira","./explore?q=mangueira&geo=BR"
"taça libertadores","500+","12 de agosto de 2026 a las 20:50:00 UTC-3","13 de agosto de 2026 a las 6:50:00 UTC-3","taça libertadores","./explore?q=ta%C3%A7a%20libertadores&geo=BR"
"samuel lino","500+","12 de agosto de 2026 a las 22:40:00 UTC-3","13 de agosto de 2026 a las 0:20:00 UTC-3","samuel lino","./explore?q=samuel%20lino&geo=BR"
"ca tigre","500+","12 de agosto de 2026 a las 19:50:00 UTC-3","12 de agosto de 2026 a las 21:30:00 UTC-3","ca tigre","./explore?q=ca%20tigre&geo=BR"
"besiktas","500+","13 de agosto de 2026 a las 14:40:00 UTC-3","13 de agosto de 2026 a las 16:40:00 UTC-3","besiktas","./explore?q=besiktas&geo=BR"
"bayer leverkusen","500+","12 de agosto de 2026 a las 17:20:00 UTC-3","12 de agosto de 2026 a las 18:50:00 UTC-3","bayer leverkusen","./explore?q=bayer%20leverkusen&geo=BR"
"santa catarina","500+","12 de agosto de 2026 a las 18:30:00 UTC-3","12 de agosto de 2026 a las 20:10:00 UTC-3","santa catarina","./explore?q=santa%20catarina&geo=BR"
"paramount+","500+","12 de agosto de 2026 a las 18:40:00 UTC-3","12 de agosto de 2026 a las 20:20:00 UTC-3","paramount+","./explore?q=paramount%2B&geo=BR"
"inter miami cf","500+","12 de agosto de 2026 a las 21:20:00 UTC-3","12 de agosto de 2026 a las 23:20:00 UTC-3","inter miami cf","./explore?q=inter%20miami%20cf&geo=BR"
"maisa silva","500+","12 de agosto de 2026 a las 22:10:00 UTC-3","12 de agosto de 2026 a las 23:20:00 UTC-3","maisa silva","./explore?q=maisa%20silva&geo=BR"
"vegetti","500+","12 de agosto de 2026 a las 20:50:00 UTC-3","12 de agosto de 2026 a las 23:20:00 UTC-3","vegetti","./explore?q=vegetti&geo=BR"
"leo jardim","500+","12 de agosto de 2026 a las 21:50:00 UTC-3","13 de agosto de 2026 a las 0:00:00 UTC-3","leo jardim","./explore?q=leo%20jardim&geo=BR"
"leonardo jardim","500+","12 de agosto de 2026 a las 22:10:00 UTC-3","13 de agosto de 2026 a las 0:00:00 UTC-3","leonardo jardim,tecnico do flamengo","./explore?q=leonardo%20jardim&geo=BR"
"aek atenas","500+","12 de agosto de 2026 a las 15:40:00 UTC-3","12 de agosto de 2026 a las 17:10:00 UTC-3","aek atenas","./explore?q=aek%20atenas&geo=BR"
"azeite","500+","12 de agosto de 2026 a las 15:30:00 UTC-3","12 de agosto de 2026 a las 16:50:00 UTC-3","azeite","./explore?q=azeite&geo=BR"
"fazenda","500+","12 de agosto de 2026 a las 17:30:00 UTC-3","12 de agosto de 2026 a las 19:00:00 UTC-3","fazenda","./explore?q=fazenda&geo=BR"
"key alves","500+","12 de agosto de 2026 a las 18:20:00 UTC-3","12 de agosto de 2026 a las 21:00:00 UTC-3","key alves","./explore?q=key%20alves&geo=BR"
"edson fachin","500+","12 de agosto de 2026 a las 16:40:00 UTC-3","12 de agosto de 2026 a las 18:10:00 UTC-3","edson fachin","./explore?q=edson%20fachin&geo=BR"
"kvaratskhelia","500+","12 de agosto de 2026 a las 16:10:00 UTC-3","12 de agosto de 2026 a las 17:30:00 UTC-3","kvaratskhelia","./explore?q=kvaratskhelia&geo=BR"
"erick pulgar","500+","12 de agosto de 2026 a las 23:40:00 UTC-3","13 de agosto de 2026 a las 0:30:00 UTC-3","erick pulgar","./explore?q=erick%20pulgar&geo=BR"
"xavi","500+","12 de agosto de 2026 a las 17:10:00 UTC-3","12 de agosto de 2026 a las 18:30:00 UTC-3","xavi","./explore?q=xavi&geo=BR"
"demência","500+","12 de agosto de 2026 a las 19:50:00 UTC-3","12 de agosto de 2026 a las 21:20:00 UTC-3","demência","./explore?q=dem%C3%AAncia&geo=BR"
"gabigol","500+","12 de agosto de 2026 a las 22:00:00 UTC-3","12 de agosto de 2026 a las 23:40:00 UTC-3","gabigol","./explore?q=gabigol&geo=BR"
"bebê","500+","12 de agosto de 2026 a las 14:40:00 UTC-3","12 de agosto de 2026 a las 15:50:00 UTC-3","bebê","./explore?q=beb%C3%AA&geo=BR"
"itatiaia","500+","12 de agosto de 2026 a las 19:30:00 UTC-3","12 de agosto de 2026 a las 20:00:00 UTC-3","itatiaia","./explore?q=itatiaia&geo=BR"
"samsung galaxy","500+","12 de agosto de 2026 a las 13:00:00 UTC-3","12 de agosto de 2026 a las 13:30:00 UTC-3","samsung galaxy","./explore?q=samsung%20galaxy&geo=BR"
"simpala","200+","14 de agosto de 2026 a las 9:30:00 UTC-3",,"simpala","./explore?q=simpala&geo=BR"
"jogo do botafogo ontem","200+","14 de agosto de 2026 a las 6:40:00 UTC-3","14 de agosto de 2026 a las 8:50:00 UTC-3","jogo do botafogo ontem","./explore?q=jogo%20do%20botafogo%20ontem&geo=BR"
"midway","200+","14 de agosto de 2026 a las 9:00:00 UTC-3","14 de agosto de 2026 a las 9:40:00 UTC-3","midway","./explore?q=midway&geo=BR"
"leicester city football club","200+","14 de agosto de 2026 a las 7:30:00 UTC-3","14 de agosto de 2026 a las 9:10:00 UTC-3","leicester city football club","./explore?q=leicester%20city%20football%20club&geo=BR"
"ahsoka","200+","14 de agosto de 2026 a las 7:40:00 UTC-3","14 de agosto de 2026 a las 9:00:00 UTC-3","ahsoka","./explore?q=ahsoka&geo=BR"
"homem aranha alem do aranhaverso","200+","14 de agosto de 2026 a las 9:10:00 UTC-3","14 de agosto de 2026 a las 9:40:00 UTC-3","homem aranha alem do aranhaverso","./explore?q=homem%20aranha%20alem%20do%20aranhaverso&geo=BR"
"curativo","200+","14 de agosto de 2026 a las 7:10:00 UTC-3","14 de agosto de 2026 a las 8:40:00 UTC-3","curativo","./explore?q=curativo&geo=BR"
"masterchef confeitaria","200+","14 de agosto de 2026 a las 7:00:00 UTC-3","14 de agosto de 2026 a las 8:30:00 UTC-3","masterchef confeitaria","./explore?q=masterchef%20confeitaria&geo=BR"
"islam makhachev","200+","14 de agosto de 2026 a las 7:00:00 UTC-3","14 de agosto de 2026 a las 8:30:00 UTC-3","islam makhachev","./explore?q=islam%20makhachev&geo=BR"
"previsão","200+","14 de agosto de 2026 a las 6:10:00 UTC-3","14 de agosto de 2026 a las 7:30:00 UTC-3","previsão","./explore?q=previs%C3%A3o&geo=BR"
"luto","200+","14 de agosto de 2026 a las 6:10:00 UTC-3","14 de agosto de 2026 a las 8:10:00 UTC-3","luto","./explore?q=luto&geo=BR"
"corinthias","200+","14 de agosto de 2026 a las 5:40:00 UTC-3","14 de agosto de 2026 a las 7:10:00 UTC-3","corinthias","./explore?q=corinthias&geo=BR"
"finlândia","200+","14 de agosto de 2026 a las 7:30:00 UTC-3","14 de agosto de 2026 a las 8:40:00 UTC-3","finlândia","./explore?q=finl%C3%A2ndia&geo=BR"
"tijuana fc","200+","14 de agosto de 2026 a las 0:10:00 UTC-3","14 de agosto de 2026 a las 2:10:00 UTC-3","tijuana fc","./explore?q=tijuana%20fc&geo=BR"
"portland timbers x tijuana","200+","14 de agosto de 2026 a las 0:20:00 UTC-3","14 de agosto de 2026 a las 2:00:00 UTC-3","portland timbers x tijuana","./explore?q=portland%20timbers%20x%20tijuana&geo=BR"
"deborah secco","200+","14 de agosto de 2026 a las 6:50:00 UTC-3","14 de agosto de 2026 a las 7:10:00 UTC-3","deborah secco","./explore?q=deborah%20secco&geo=BR"
"clima curitiba","200+","14 de agosto de 2026 a las 5:20:00 UTC-3","14 de agosto de 2026 a las 6:40:00 UTC-3","clima curitiba","./explore?q=clima%20curitiba&geo=BR"
"fiel torcedor","200+","13 de agosto de 2026 a las 23:40:00 UTC-3","14 de agosto de 2026 a las 0:40:00 UTC-3","fiel torcedor","./explore?q=fiel%20torcedor&geo=BR"
"cruz azul fc","200+","13 de agosto de 2026 a las 23:30:00 UTC-3","14 de agosto de 2026 a las 0:50:00 UTC-3","cruz azul fc","./explore?q=cruz%20azul%20fc&geo=BR"
"extinção","200+","13 de agosto de 2026 a las 18:20:00 UTC-3","14 de agosto de 2026 a las 8:10:00 UTC-3","extinção","./explore?q=extin%C3%A7%C3%A3o&geo=BR"
"pós graduação flavio bolsonaro","200+","13 de agosto de 2026 a las 12:40:00 UTC-3","13 de agosto de 2026 a las 14:50:00 UTC-3","pós graduação flavio bolsonaro","./explore?q=p%C3%B3s%20gradua%C3%A7%C3%A3o%20flavio%20bolsonaro&geo=BR"
"porta-aviões","200+","13 de agosto de 2026 a las 22:20:00 UTC-3","13 de agosto de 2026 a las 23:30:00 UTC-3","porta-aviões","./explore?q=porta-avi%C3%B5es&geo=BR"
"lingard","200+","13 de agosto de 2026 a las 23:20:00 UTC-3","14 de agosto de 2026 a las 0:30:00 UTC-3","lingard","./explore?q=lingard&geo=BR"
"sccp","200+","13 de agosto de 2026 a las 23:10:00 UTC-3","14 de agosto de 2026 a las 0:10:00 UTC-3","sccp","./explore?q=sccp&geo=BR"
"agnez mo","200+","14 de agosto de 2026 a las 1:40:00 UTC-3","14 de agosto de 2026 a las 2:30:00 UTC-3","agnez mo","./explore?q=agnez%20mo&geo=BR"
"ferran torres","200+","13 de agosto de 2026 a las 18:30:00 UTC-3","13 de agosto de 2026 a las 19:30:00 UTC-3","ferran torres","./explore?q=ferran%20torres&geo=BR"
"governo do estado de são paulo","200+","13 de agosto de 2026 a las 20:00:00 UTC-3","13 de agosto de 2026 a las 21:00:00 UTC-3","governo do estado de são paulo","./explore?q=governo%20do%20estado%20de%20s%C3%A3o%20paulo&geo=BR"
"track field","200+","13 de agosto de 2026 a las 6:20:00 UTC-3","13 de agosto de 2026 a las 15:40:00 UTC-3","track field","./explore?q=track%20field&geo=BR"
"paraná clube","200+","13 de agosto de 2026 a las 14:40:00 UTC-3","13 de agosto de 2026 a las 17:10:00 UTC-3","paraná clube","./explore?q=paran%C3%A1%20clube&geo=BR"
"isadora cruz","200+","13 de agosto de 2026 a las 20:30:00 UTC-3","13 de agosto de 2026 a las 21:30:00 UTC-3","isadora cruz","./explore?q=isadora%20cruz&geo=BR"
"excomunhão","200+","13 de agosto de 2026 a las 5:40:00 UTC-3","13 de agosto de 2026 a las 7:40:00 UTC-3","excomunhão","./explore?q=excomunh%C3%A3o&geo=BR"
"melhores momentos de cruzeiro-flamengo","200+","13 de agosto de 2026 a las 5:10:00 UTC-3","13 de agosto de 2026 a las 7:40:00 UTC-3","melhores momentos de cruzeiro-flamengo","./explore?q=melhores%20momentos%20de%20cruzeiro-flamengo&geo=BR"
"al-nassr football club","200+","13 de agosto de 2026 a las 5:20:00 UTC-3","13 de agosto de 2026 a las 7:50:00 UTC-3","al-nassr football club","./explore?q=al-nassr%20football%20club&geo=BR"
"julio iglesias","200+","13 de agosto de 2026 a las 5:20:00 UTC-3","13 de agosto de 2026 a las 7:50:00 UTC-3","julio iglesias","./explore?q=julio%20iglesias&geo=BR"
"sistema de seleção unificada","200+","12 de agosto de 2026 a las 22:50:00 UTC-3","13 de agosto de 2026 a las 7:20:00 UTC-3","sistema de seleção unificada","./explore?q=sistema%20de%20sele%C3%A7%C3%A3o%20unificada&geo=BR"
"coco gauff","200+","13 de agosto de 2026 a las 0:20:00 UTC-3","13 de agosto de 2026 a las 2:40:00 UTC-3","coco gauff","./explore?q=coco%20gauff&geo=BR"
"itsa4","200+","13 de agosto de 2026 a las 11:40:00 UTC-3","13 de agosto de 2026 a las 13:40:00 UTC-3","itsa4","./explore?q=itsa4&geo=BR"
"grande prêmio dos países baixos","200+","13 de agosto de 2026 a las 7:20:00 UTC-3","13 de agosto de 2026 a las 8:50:00 UTC-3","grande prêmio dos países baixos","./explore?q=grande%20pr%C3%AAmio%20dos%20pa%C3%ADses%20baixos&geo=BR"
"braga","200+","13 de agosto de 2026 a las 16:10:00 UTC-3","13 de agosto de 2026 a las 17:00:00 UTC-3","braga","./explore?q=braga&geo=BR"
"gol linhas aéreas","200+","13 de agosto de 2026 a las 6:00:00 UTC-3","13 de agosto de 2026 a las 8:00:00 UTC-3","gol linhas aéreas","./explore?q=gol%20linhas%20a%C3%A9reas&geo=BR"
"thiago viana","200+","13 de agosto de 2026 a las 10:20:00 UTC-3","13 de agosto de 2026 a las 11:10:00 UTC-3","thiago viana","./explore?q=thiago%20viana&geo=BR"
"besiktas x hradec králové","200+","13 de agosto de 2026 a las 14:30:00 UTC-3","13 de agosto de 2026 a las 15:40:00 UTC-3","besiktas x hradec králové","./explore?q=besiktas%20x%20hradec%20kr%C3%A1lov%C3%A9&geo=BR"
"campeonato saudita","200+","13 de agosto de 2026 a las 15:20:00 UTC-3","13 de agosto de 2026 a las 16:20:00 UTC-3","campeonato saudita","./explore?q=campeonato%20saudita&geo=BR"
"sapr4","200+","13 de agosto de 2026 a las 10:10:00 UTC-3","13 de agosto de 2026 a las 11:10:00 UTC-3","sapr4","./explore?q=sapr4&geo=BR"
"meu timão","200+","14 de agosto de 2026 a las 0:10:00 UTC-3","14 de agosto de 2026 a las 0:40:00 UTC-3","meu timão","./explore?q=meu%20tim%C3%A3o&geo=BR"
"chaveamento libertadores","200+","12 de agosto de 2026 a las 23:00:00 UTC-3","13 de agosto de 2026 a las 0:30:00 UTC-3","chaveamento libertadores","./explore?q=chaveamento%20libertadores&geo=BR"
"febre maculosa","200+","13 de agosto de 2026 a las 13:50:00 UTC-3","13 de agosto de 2026 a las 14:50:00 UTC-3","febre maculosa","./explore?q=febre%20maculosa&geo=BR"
"luiza brunet","200+","13 de agosto de 2026 a las 4:30:00 UTC-3","13 de agosto de 2026 a las 8:10:00 UTC-3","luiza brunet","./explore?q=luiza%20brunet&geo=BR"
"carrascal","200+","12 de agosto de 2026 a las 23:10:00 UTC-3","13 de agosto de 2026 a las 0:20:00 UTC-3","carrascal","./explore?q=carrascal&geo=BR"
"zucco","200+","13 de agosto de 2026 a las 5:50:00 UTC-3","13 de agosto de 2026 a las 7:30:00 UTC-3","zucco","./explore?q=zucco&geo=BR"
"figo","200+","12 de agosto de 2026 a las 19:30:00 UTC-3","12 de agosto de 2026 a las 20:40:00 UTC-3","figo","./explore?q=figo&geo=BR"
"onça-pintada","200+","12 de agosto de 2026 a las 21:10:00 UTC-3","12 de agosto de 2026 a las 22:10:00 UTC-3","onça-pintada","./explore?q=on%C3%A7a-pintada&geo=BR"
"guillermo benítez","200+","12 de agosto de 2026 a las 20:20:00 UTC-3","12 de agosto de 2026 a las 21:30:00 UTC-3","guillermo benítez","./explore?q=guillermo%20ben%C3%ADtez&geo=BR"
"novela coração acelerado","200+","13 de agosto de 2026 a las 0:30:00 UTC-3","13 de agosto de 2026 a las 1:50:00 UTC-3","novela coração acelerado","./explore?q=novela%20cora%C3%A7%C3%A3o%20acelerado&geo=BR"
"pulgar","200+","12 de agosto de 2026 a las 23:20:00 UTC-3","13 de agosto de 2026 a las 0:30:00 UTC-3","pulgar","./explore?q=pulgar&geo=BR"
"b","200+","13 de agosto de 2026 a las 1:50:00 UTC-3","13 de agosto de 2026 a las 6:10:00 UTC-3","b","./explore?q=b&geo=BR"
"globoplay ao vivo","200+","12 de agosto de 2026 a las 21:30:00 UTC-3","12 de agosto de 2026 a las 22:30:00 UTC-3","globoplay ao vivo","./explore?q=globoplay%20ao%20vivo&geo=BR"
"arsenal fc","200+","12 de agosto de 2026 a las 17:20:00 UTC-3","12 de agosto de 2026 a las 18:20:00 UTC-3","arsenal fc","./explore?q=arsenal%20fc&geo=BR"
"rpc","200+","12 de agosto de 2026 a las 19:10:00 UTC-3","12 de agosto de 2026 a las 20:10:00 UTC-3","rpc","./explore?q=rpc&geo=BR"
"banco master","200+","13 de agosto de 2026 a las 13:00:00 UTC-3","13 de agosto de 2026 a las 13:20:00 UTC-3","banco master","./explore?q=banco%20master&geo=BR"
"suv cupê","200+","12 de agosto de 2026 a las 19:00:00 UTC-3","12 de agosto de 2026 a las 20:00:00 UTC-3","suv cupê","./explore?q=suv%20cup%C3%AA&geo=BR"
"flow","200+","13 de agosto de 2026 a las 2:50:00 UTC-3","13 de agosto de 2026 a las 4:00:00 UTC-3","flow","./explore?q=flow&geo=BR"
"benfica fc","200+","13 de agosto de 2026 a las 17:40:00 UTC-3","13 de agosto de 2026 a las 18:00:00 UTC-3","benfica fc","./explore?q=benfica%20fc&geo=BR"
"inter miami vs león","200+","12 de agosto de 2026 a las 23:10:00 UTC-3","13 de agosto de 2026 a las 0:00:00 UTC-3","inter miami vs león","./explore?q=inter%20miami%20vs%20le%C3%B3n&geo=BR"
"ahn pan seok","200+","13 de agosto de 2026 a las 8:50:00 UTC-3","13 de agosto de 2026 a las 9:20:00 UTC-3","ahn pan seok","./explore?q=ahn%20pan%20seok&geo=BR"
"nottingham forest","200+","12 de agosto de 2026 a las 17:40:00 UTC-3","12 de agosto de 2026 a las 18:20:00 UTC-3","nottingham forest","./explore?q=nottingham%20forest&geo=BR"
"emprestimo","200+","13 de agosto de 2026 a las 1:40:00 UTC-3","13 de agosto de 2026 a las 4:30:00 UTC-3","emprestimo","./explore?q=emprestimo&geo=BR"
"fsv frankfurt x eintracht","200+","12 de agosto de 2026 a las 14:00:00 UTC-3","12 de agosto de 2026 a las 14:50:00 UTC-3","fsv frankfurt x eintracht","./explore?q=fsv%20frankfurt%20x%20eintracht&geo=BR"
"lakers","200+","12 de agosto de 2026 a las 14:00:00 UTC-3","12 de agosto de 2026 a las 14:50:00 UTC-3","lakers","./explore?q=lakers&geo=BR"
"furto","200+","12 de agosto de 2026 a las 18:30:00 UTC-3","12 de agosto de 2026 a las 19:10:00 UTC-3","furto","./explore?q=furto&geo=BR"
"river plate almada","200+","12 de agosto de 2026 a las 15:00:00 UTC-3","12 de agosto de 2026 a las 15:40:00 UTC-3","river plate almada","./explore?q=river%20plate%20almada&geo=BR"
"conference league","200+","13 de agosto de 2026 a las 15:20:00 UTC-3","13 de agosto de 2026 a las 15:40:00 UTC-3","conference league","./explore?q=conference%20league&geo=BR"
"sky","200+","12 de agosto de 2026 a las 19:20:00 UTC-3","12 de agosto de 2026 a las 20:00:00 UTC-3","sky","./explore?q=sky&geo=BR"
"la liga","200+","12 de agosto de 2026 a las 16:50:00 UTC-3","12 de agosto de 2026 a las 17:10:00 UTC-3","la liga","./explore?q=la%20liga&geo=BR"
"brkm5","200+","12 de agosto de 2026 a las 18:30:00 UTC-3","12 de agosto de 2026 a las 18:50:00 UTC-3","brkm5","./explore?q=brkm5&geo=BR"
"man united vs leeds","200+","12 de agosto de 2026 a las 15:30:00 UTC-3","12 de agosto de 2026 a las 15:50:00 UTC-3","man united vs leeds","./explore?q=man%20united%20vs%20leeds&geo=BR"
"crime","100+","14 de agosto de 2026 a las 7:10:00 UTC-3","14 de agosto de 2026 a las 8:20:00 UTC-3","crime","./explore?q=crime&geo=BR"
"raizen sa","100+","14 de agosto de 2026 a las 7:00:00 UTC-3","14 de agosto de 2026 a las 8:10:00 UTC-3","raizen sa","./explore?q=raizen%20sa&geo=BR"
"jornal nd","100+","14 de agosto de 2026 a las 7:20:00 UTC-3","14 de agosto de 2026 a las 8:00:00 UTC-3","jornal nd","./explore?q=jornal%20nd&geo=BR"
"alerta laranja: baixa umidade","100+","14 de agosto de 2026 a las 6:20:00 UTC-3","14 de agosto de 2026 a las 7:20:00 UTC-3","alerta laranja: baixa umidade","./explore?q=alerta%20laranja%3A%20baixa%20umidade&geo=BR"
"homem-aranha","100+","14 de agosto de 2026 a las 6:00:00 UTC-3","14 de agosto de 2026 a las 6:40:00 UTC-3","homem-aranha","./explore?q=homem-aranha&geo=BR"
"previsao do tempo hoje","100+","14 de agosto de 2026 a las 5:30:00 UTC-3","14 de agosto de 2026 a las 6:20:00 UTC-3","previsao do tempo hoje","./explore?q=previsao%20do%20tempo%20hoje&geo=BR"
"selena gomez","100+","14 de agosto de 2026 a las 0:10:00 UTC-3","14 de agosto de 2026 a las 1:20:00 UTC-3","selena gomez","./explore?q=selena%20gomez&geo=BR"
"sbsp3","100+","13 de agosto de 2026 a las 12:40:00 UTC-3","13 de agosto de 2026 a las 15:30:00 UTC-3","sbsp3","./explore?q=sbsp3&geo=BR"
"qarabağ x dínamo","100+","13 de agosto de 2026 a las 13:10:00 UTC-3","13 de agosto de 2026 a las 14:20:00 UTC-3","qarabağ x dínamo","./explore?q=qaraba%C4%9F%20x%20d%C3%ADnamo&geo=BR"
"novelas quem ama cuida","100+","13 de agosto de 2026 a las 13:00:00 UTC-3","13 de agosto de 2026 a las 14:00:00 UTC-3","novelas quem ama cuida","./explore?q=novelas%20quem%20ama%20cuida&geo=BR"
"vestibulinho","100+","13 de agosto de 2026 a las 15:20:00 UTC-3","13 de agosto de 2026 a las 17:10:00 UTC-3","vestibulinho","./explore?q=vestibulinho&geo=BR"
"previsão do tempo aracaju","100+","13 de agosto de 2026 a las 7:40:00 UTC-3","13 de agosto de 2026 a las 8:30:00 UTC-3","previsão do tempo aracaju","./explore?q=previs%C3%A3o%20do%20tempo%20aracaju&geo=BR"
"leandra leal","100+","13 de agosto de 2026 a las 0:30:00 UTC-3","13 de agosto de 2026 a las 1:20:00 UTC-3","leandra leal","./explore?q=leandra%20leal&geo=BR"
"méier","100+","13 de agosto de 2026 a las 13:10:00 UTC-3","13 de agosto de 2026 a las 13:50:00 UTC-3","méier","./explore?q=m%C3%A9ier&geo=BR"
"cska sofia","100+","13 de agosto de 2026 a las 16:00:00 UTC-3","13 de agosto de 2026 a las 16:30:00 UTC-3","cska sofia","./explore?q=cska%20sofia&geo=BR"
"paraná","100+","13 de agosto de 2026 a las 5:40:00 UTC-3","13 de agosto de 2026 a las 6:30:00 UTC-3","paraná","./explore?q=paran%C3%A1&geo=BR"
"pe de meia","100+","13 de agosto de 2026 a las 6:30:00 UTC-3","13 de agosto de 2026 a las 7:10:00 UTC-3","pe de meia","./explore?q=pe%20de%20meia&geo=BR"
"navio cargueiro","100+","13 de agosto de 2026 a las 7:50:00 UTC-3","13 de agosto de 2026 a las 8:30:00 UTC-3","navio cargueiro","./explore?q=navio%20cargueiro&geo=BR"
"milionária","100+","13 de agosto de 2026 a las 5:30:00 UTC-3","13 de agosto de 2026 a las 6:20:00 UTC-3","milionária","./explore?q=milion%C3%A1ria&geo=BR"
"suzb3","100+","13 de agosto de 2026 a las 6:30:00 UTC-3","13 de agosto de 2026 a las 7:10:00 UTC-3","suzb3","./explore?q=suzb3&geo=BR"
"kick tv","100+","13 de agosto de 2026 a las 0:40:00 UTC-3","13 de agosto de 2026 a las 1:20:00 UTC-3","kick tv","./explore?q=kick%20tv&geo=BR"
"san diego fc","100+","13 de agosto de 2026 a las 1:10:00 UTC-3","13 de agosto de 2026 a las 2:00:00 UTC-3","san diego fc","./explore?q=san%20diego%20fc&geo=BR"
"anderlecht x paok","100+","13 de agosto de 2026 a las 16:20:00 UTC-3","13 de agosto de 2026 a las 16:40:00 UTC-3","anderlecht x paok","./explore?q=anderlecht%20x%20paok&geo=BR"
"quem","100+","13 de agosto de 2026 a las 7:10:00 UTC-3","13 de agosto de 2026 a las 7:30:00 UTC-3","quem","./explore?q=quem&geo=BR"